gem,method,receiver_prefixes
amatch,pair_distance_similar,Amatch
bigdecimal,%,BigDecimal;BigMath
bigdecimal,*,BigDecimal;BigMath
bigdecimal,+,BigDecimal;BigMath
bigdecimal,-,BigDecimal;BigMath
bigdecimal,/,BigDecimal;BigMath
bigdecimal,<,BigDecimal;BigMath
bigdecimal,<=,BigDecimal;BigMath
bigdecimal,<=>,BigDecimal;BigMath
bigdecimal,==,BigDecimal;BigMath
bigdecimal,===,BigDecimal;BigMath
bigdecimal,>,BigDecimal;BigMath
bigdecimal,>=,BigDecimal;BigMath
bigdecimal,_decimal_shift,BigDecimal;BigMath
bigdecimal,add,BigDecimal;BigMath
bigdecimal,coerce,BigDecimal;BigMath
bigdecimal,div,BigDecimal;BigMath
bigdecimal,divmod,BigDecimal;BigMath
bigdecimal,eql?,BigDecimal;BigMath
bigdecimal,mode,BigDecimal;BigMath
bigdecimal,modulo,BigDecimal;BigMath
bigdecimal,mult,BigDecimal;BigMath
bigdecimal,quo,BigDecimal;BigMath
bigdecimal,remainder,BigDecimal;BigMath
bigdecimal,round,BigDecimal;BigMath
bigdecimal,sub,BigDecimal;BigMath
bigdecimal,vpdivd,BigDecimal;BigMath
bigdecimal,vpmult,BigDecimal;BigMath
cbor,initialize,CBOR
date,_valid_civil?,Date;DateTime
date,_valid_commercial?,Date;DateTime
date,_valid_date?,Date;DateTime
date,_valid_jd?,Date;DateTime
date,_valid_nth_kday?,Date;DateTime
date,_valid_ordinal?,Date;DateTime
date,_valid_weeknum?,Date;DateTime
date,deconstruct_keys,Date;DateTime
date,httpdate,Date;DateTime
date,jisx0301,Date;DateTime
date,rfc2822,Date;DateTime
date,rfc822,Date;DateTime
date,valid_civil?,Date;DateTime
date,valid_commercial?,Date;DateTime
date,valid_date?,Date;DateTime
date,valid_jd?,Date;DateTime
date,valid_nth_kday?,Date;DateTime
date,valid_ordinal?,Date;DateTime
date,valid_weeknum?,Date;DateTime
date,xmlschema,Date;DateTime
ed25519,sign,Ed25519
ed25519,verify,Ed25519
ffi,[]=,FFI
ffi,__copy_from__,FFI
ffi,get,FFI
ffi,initialize,FFI
ffi,layout=,FFI
ffi,pointer=,FFI
ffi,put,FFI
ffi,put_bytes,FFI
ffi,put_string,FFI
google-protobuf,<<,Google::Protobuf
google-protobuf,[],Google::Protobuf
google-protobuf,[]=,Google::Protobuf
google-protobuf,delete,Google::Protobuf
google-protobuf,has_key?,Google::Protobuf
google-protobuf,initialize,Google::Protobuf
google-protobuf,method_missing,Google::Protobuf
google-protobuf,set,Google::Protobuf
gpgme,gpgme_op_encrypt,GPGME
gpgme,gpgme_op_encrypt_sign,GPGME
gpgme,gpgme_op_encrypt_sign_start,GPGME
gpgme,gpgme_op_encrypt_start,GPGME
gpgme,gpgme_op_export_keys,GPGME
gpgme,gpgme_op_export_keys_start,GPGME
gpgme,gpgme_op_import_keys,GPGME
gpgme,gpgme_op_import_keys_start,GPGME
grpc,add_http2_port,GRPC
grpc,create_call,GRPC
grpc,initialize,GRPC
grpc,metadata=,GRPC
grpc,shutdown_and_notify,GRPC
grpc,status=,GRPC
grpc,trailing_metadata=,GRPC
grpc,watch_connectivity_state,GRPC
grpc,write_flag=,GRPC
io-console,erase_line,IO::Console::Mode;IO::ConsoleMode
io-console,erase_screen,IO::Console::Mode;IO::ConsoleMode
io-console,goto,IO::Console::Mode;IO::ConsoleMode
io-console,goto_column,IO::Console::Mode;IO::ConsoleMode
io-console,pressed?,IO::Console::Mode;IO::ConsoleMode
msgpack,initialize,MessagePack
msgpack,register_type_internal,MessagePack
msgpack,unpacker,MessagePack
nio4r,interests=,NIO
nokogiri,add_child_node,Nokogiri
nokogiri,add_next_sibling_node,Nokogiri
nokogiri,add_previous_sibling_node,Nokogiri
nokogiri,from_document,Nokogiri
nokogiri,from_io,Nokogiri
nokogiri,from_memory,Nokogiri
nokogiri,initialize_copy_with_args,Nokogiri
nokogiri,native_new,Nokogiri
nokogiri,parse_stylesheet_doc,Nokogiri
nokogiri,replace_node,Nokogiri
nokogiri,root=,Nokogiri
nokogiri,serialize,Nokogiri
nokogiri,transform,Nokogiri
nokogiri,validate,Nokogiri
nokogiri,validate_document,Nokogiri
oj,open,Oj
oj,parse,Oj
oj,pretty_generate,Oj
oj,pretty_unparse,Oj
oj,to_file,Oj
openssl,decrypt,OpenSSL
openssl,encrypt,OpenSSL
openssl,generate_parameters,OpenSSL
openssl,sign_raw,OpenSSL
openssl,verify,OpenSSL
openssl,verify_raw,OpenSSL
openssl,verify_recover,OpenSSL
pg,build_column_map,PG
pg,elements_type=,PG
pg,field_name_type=,PG
pg,fnumber,PG
pg,type_map=,PG
pg_query,deparse_protobuf_opts,PgQuery
prism,constant?,Prism
prism,dump,Prism
prism,lex,Prism
prism,local?,Prism
prism,method_name?,Prism
prism,parse,Prism
prism,parse_comments,Prism
prism,parse_failure?,Prism
prism,parse_lex,Prism
prism,parse_success?,Prism
prism,profile,Prism
psych,_native_parse,Psych
rbs,_parse_method_type,RBS
rbs,_parse_type,RBS
rugged,[],Rugged
rugged,add_all,Rugged
rugged,create,Rugged
rugged,diff,Rugged
rugged,fetch,Rugged
rugged,from_io,Rugged
rugged,push,Rugged
rugged,reset_path,Rugged
rugged,update_all,Rugged
stringio,pread,StringIO
stringio,read,StringIO
stringio,read_nonblock,StringIO
thrift,read_into_buffer,Thrift
yajl-ruby,project,Yajl
zlib,add_dictionary,Zlib
zlib,gzip,Zlib
zlib,read,Zlib
zlib,readpartial,Zlib
