gem,method,receiver,file,line,in_inventory,line_text
cgi,escapeHTML,CGI,app/helpers/labels_helper.rb,84,no,"    tooltip_html = CGI.escapeHTML(label_tooltip_title(label, tooltip_shows_title: tooltip_shows_title).to_s)"
cgi,escapeHTML,CGI,app/helpers/labels_helper.rb,87,no,"      archived_html = %(<span class=""gl-label-tooltip-footer"">#{CGI.escapeHTML(_('Archived'))}</span>)"
cgi,escapeHTML,CGI,app/helpers/labels_helper.rb,245,no,    label_name_html = CGI.escapeHTML(name)
date,iso8601,Date,app/graphql/types/date_type.rb,11,no,      Date.iso8601(value)
date,iso8601,DateTime,app/models/container_repository.rb,262,no,    DateTime.iso8601(timestamp_string)
date,iso8601,Date,app/validators/iso8601_date_validator.rb,5,no,    Date.iso8601(record.read_attribute_before_type_cast(attribute).to_s)
date,parse,Date,app/controllers/concerns/cycle_analytics_params.rb,59,no,    date = field.is_a?(Date) || field.is_a?(Time) ? field : Date.parse(field)
date,parse,Date,app/controllers/users_controller.rb,192,yes,      Date.parse(permitted_params[:date])
date,parse,DateTime,app/finders/merge_requests_finder.rb,368,no,"    DateTime.parse(input.byteslice(0, 128)) if input"
date,rfc3339,DateTime,lib/container_registry/tag.rb,103,no,        DateTime.rfc3339(config['created'])
date,rfc3339,DateTime,lib/gitlab/container_repository/tags/cache.rb,25,no,              tag.created_at = DateTime.rfc3339(created_at)
date,rfc3339,DateTime,spec/lib/gitlab/container_repository/tags/cache_spec.rb,73,no,        tag.created_at = DateTime.rfc3339(3.days.ago.rfc3339)
date,strptime,Date,app/controllers/concerns/parse_commit_date.rb,7,no,"    Date.strptime(date, ""%Y-%m-%d"")&.to_time(:utc)&.to_i if date"
date,strptime,Date,app/finders/ci/daily_build_group_report_results_finder.rb,84,no,"        Date.strptime(params[:start_date], DATE_FORMAT_ALLOWED)"
date,strptime,Date,app/finders/ci/daily_build_group_report_results_finder.rb,94,no,"      Date.strptime(params[:end_date], DATE_FORMAT_ALLOWED)"
erb,html_escape,ERB::Util,app/controllers/concerns/confirm_email_warning.rb,42,no,    ERB::Util.html_escape(email)
erb,html_escape,ERB::Util,app/controllers/projects/labels_controller.rb,159,yes,"    view_context.safe_join([ERB::Util.html_escape(label.title), "" promoted to "", safe_link, "".""])"
erb,html_escape,ERB::Util,app/controllers/projects/milestones_controller.rb,137,yes,"    view_context.safe_join([ERB::Util.html_escape(milestone.title), "" promoted to "", safe_link, "".""])"
ffi,open,FFI::DynamicLibrary,config/initializers/macos.rb,24,no,  FFI::DynamicLibrary.open(
ffi,open,FFI::DynamicLibrary,lib/gitlab/memory/jemalloc.rb,83,no,        FFI::DynamicLibrary.open(
nokogiri,new,Nokogiri::XML::Node,app/controllers/profiles/two_factor_auths_controller.rb,182,yes,"    title = Nokogiri::XML::Node.new('title', doc)"
nokogiri,new,Nokogiri::XML::Builder,app/presenters/packages/nuget/v2/metadata_index_presenter.rb,8,no,          Nokogiri::XML::Builder.new(encoding: 'UTF-8') do |xml|
nokogiri,new,Nokogiri::XML::Builder,app/presenters/packages/nuget/v2/service_index_presenter.rb,19,no,          Nokogiri::XML::Builder.new(encoding: 'UTF-8') do |xml|
openssl,generate_key,OpenSSL::PKey,ee/spec/requests/gitlab_subscriptions/api/internal/auth_spec.rb,9,no,    let_it_be(:internal_api_jwk) { ::JWT::JWK.new(OpenSSL::PKey.generate_key('RSA')) }
openssl,generate_key,OpenSSL::PKey,ee/spec/requests/gitlab_subscriptions/api/internal/auth_spec.rb,10,no,    let_it_be(:unrelated_jwk) { ::JWT::JWK.new(OpenSSL::PKey.generate_key('RSA')) }
openssl,generate_key,OpenSSL::PKey,ee/spec/requests/gitlab_subscriptions/api/internal/auth_spec.rb,120,no,"          token = generate_token(jwk: ::JWT::JWK.new(OpenSSL::PKey.generate_key('RSA')), payload: jwt_payload)"
openssl,sign,OpenSSL::PKCS7,lib/gitlab/email/smime/signer.rb,14,no,"          signed_data = OpenSSL::PKCS7.sign(cert, key, data, Array.wrap(ca_certs), OpenSSL::PKCS7::DETACHED)"
zlib,deflate,Zlib::Deflate,ee/app/graphql/types/ai/duo_workflows/workflow_event_type.rb,97,yes,"          Base64.strict_encode64(Zlib::Deflate.deflate(checkpoint.to_json, COMPRESS_LEVEL))"
zlib,deflate,Zlib::Deflate,ee/lib/api/ai/duo_workflows/workflows_internal.rb,63,yes,"            Base64.strict_encode64(Zlib::Deflate.deflate(checkpoint_data.to_json, COMPRESS_LEVEL))"
zlib,deflate,Zlib::Deflate,ee/lib/tasks/gitlab/duo_workflow/duo_workflow.rake,215,no,            data: Base64.strict_encode64(Zlib::Deflate.deflate(Gitlab::Json.dump(value)))
zlib,inflate,Zlib::Inflate,ee/lib/api/ai/duo_workflows/workflows_internal.rb,67,yes,            ::Gitlab::Json.parse(Zlib::Inflate.inflate(Base64.strict_decode64(compressed_data)))
zlib,inflate,Zlib::Inflate,ee/lib/gitlab/duo_workflow/channel_values_reconstructor.rb,27,no,        ::Gitlab::Json.safe_parse(Zlib::Inflate.inflate(data))
zlib,inflate,Zlib::Inflate,ee/spec/requests/api/ai/duo_workflows/workflows_internal_spec.rb,594,no,        decompressed = ::Gitlab::Json.parse(Zlib::Inflate.inflate(Base64.strict_decode64(compressed_data)))
zlib,open,Zlib::GzipReader,app/services/packages/npm/process_package_file_service.rb,43,no,          Zlib::GzipReader.open(open_file.file_path) do |gz|
zlib,open,Zlib::GzipReader,app/services/packages/terraform_module/process_package_file_service.rb,48,no,        Zlib::GzipReader.open(open_file.file_path) do |gzip_file|
zlib,open,Zlib::GzipWriter,gems/csv_builder/lib/csv_builder/gzip.rb,16,no,        Zlib::GzipWriter.open(tempfile.path) do |gz|
