entrypoint,auth,edition,entrypoint_type,entrypoint_path,anonymous_access,file,line,receiver,expression,gem,method,argument_index,stored_label,slot,call_depth,call_chain_depth,argument_catalog_record,seed_filtered_records,caller_file,caller_method,caller_line,caller_call_line,method_entry_line,call_chain,recorded_source_revision,recorded_source_sha256,source,same_value,replaced
ep_7560f8946a7c4fc8e4f0e62f,unknown,ee,graphql_field,/api/graphql,False,app/finders/ci/daily_build_group_report_results_finder.rb,94,Date,params[:end_date],date,strptime,0,literal,index,0,5,82,"[168,169]",app/finders/ci/daily_build_group_report_results_finder.rb,Ci::DailyBuildGroupReportResultsFinder#start_date,82,90,93,"[{""file"":""ee/app/graphql/resolvers/ci/code_coverage_activities_resolver.rb"",""line"":14,""method"":""Resolvers::Ci::CodeCoverageActivitiesResolver#resolve""},{""file"":""app/finders/ci/daily_build_group_report_results_finder.rb"",""line"":34,""method"":""Ci::DailyBuildGroupReportResultsFinder#execute""},{""file"":""app/finders/ci/daily_build_group_report_results_finder.rb"",""line"":47,""method"":""Ci::DailyBuildGroupReportResultsFinder#filter_report_results""},{""file"":""app/finders/ci/daily_build_group_report_results_finder.rb"",""line"":64,""method"":""Ci::DailyBuildGroupReportResultsFinder#by_dates""},{""file"":""app/finders/ci/daily_build_group_report_results_finder.rb"",""line"":82,""method"":""Ci::DailyBuildGroupReportResultsFinder#start_date""},{""file"":""app/finders/ci/daily_build_group_report_results_finder.rb"",""line"":93,""method"":""Ci::DailyBuildGroupReportResultsFinder#end_date""}]",9cfc39017e700a28649858f6a902117f9d5e8edd,7d2536c0bf55b43fef04dde61446aa536d4f171fafbea56ea1eec33466ee5c24,params,no,yes
ep_7560f8946a7c4fc8e4f0e62f,unknown,ee,graphql_field,/api/graphql,False,app/finders/ci/daily_build_group_report_results_finder.rb,94,Date,params[:end_date],date,strptime,0,literal,index,0,5,83,"[168,169]",app/finders/ci/daily_build_group_report_results_finder.rb,Ci::DailyBuildGroupReportResultsFinder#start_date,82,90,93,"[{""file"":""ee/app/graphql/resolvers/ci/code_coverage_activities_resolver.rb"",""line"":14,""method"":""Resolvers::Ci::CodeCoverageActivitiesResolver#resolve""},{""file"":""app/finders/ci/daily_build_group_report_results_finder.rb"",""line"":34,""method"":""Ci::DailyBuildGroupReportResultsFinder#execute""},{""file"":""app/finders/ci/daily_build_group_report_results_finder.rb"",""line"":47,""method"":""Ci::DailyBuildGroupReportResultsFinder#filter_report_results""},{""file"":""app/finders/ci/daily_build_group_report_results_finder.rb"",""line"":64,""method"":""Ci::DailyBuildGroupReportResultsFinder#by_dates""},{""file"":""app/finders/ci/daily_build_group_report_results_finder.rb"",""line"":82,""method"":""Ci::DailyBuildGroupReportResultsFinder#start_date""},{""file"":""app/finders/ci/daily_build_group_report_results_finder.rb"",""line"":93,""method"":""Ci::DailyBuildGroupReportResultsFinder#end_date""}]",9cfc39017e700a28649858f6a902117f9d5e8edd,7d2536c0bf55b43fef04dde61446aa536d4f171fafbea56ea1eec33466ee5c24,params,no,yes
ep_7560f8946a7c4fc8e4f0e62f,unknown,ee,graphql_field,/api/graphql,False,app/finders/ci/daily_build_group_report_results_finder.rb,94,Date,DATE_FORMAT_ALLOWED,date,strptime,1,literal,index,0,5,84,"[168,169]",app/finders/ci/daily_build_group_report_results_finder.rb,Ci::DailyBuildGroupReportResultsFinder#start_date,82,90,93,"[{""file"":""ee/app/graphql/resolvers/ci/code_coverage_activities_resolver.rb"",""line"":14,""method"":""Resolvers::Ci::CodeCoverageActivitiesResolver#resolve""},{""file"":""app/finders/ci/daily_build_group_report_results_finder.rb"",""line"":34,""method"":""Ci::DailyBuildGroupReportResultsFinder#execute""},{""file"":""app/finders/ci/daily_build_group_report_results_finder.rb"",""line"":47,""method"":""Ci::DailyBuildGroupReportResultsFinder#filter_report_results""},{""file"":""app/finders/ci/daily_build_group_report_results_finder.rb"",""line"":64,""method"":""Ci::DailyBuildGroupReportResultsFinder#by_dates""},{""file"":""app/finders/ci/daily_build_group_report_results_finder.rb"",""line"":82,""method"":""Ci::DailyBuildGroupReportResultsFinder#start_date""},{""file"":""app/finders/ci/daily_build_group_report_results_finder.rb"",""line"":93,""method"":""Ci::DailyBuildGroupReportResultsFinder#end_date""}]",9cfc39017e700a28649858f6a902117f9d5e8edd,7d2536c0bf55b43fef04dde61446aa536d4f171fafbea56ea1eec33466ee5c24,literal,,
ep_7560f8946a7c4fc8e4f0e62f,unknown,ee,graphql_field,/api/graphql,False,app/finders/ci/daily_build_group_report_results_finder.rb,94,Date,DATE_FORMAT_ALLOWED,date,strptime,1,literal,index,0,5,85,"[168,169]",app/finders/ci/daily_build_group_report_results_finder.rb,Ci::DailyBuildGroupReportResultsFinder#start_date,82,90,93,"[{""file"":""ee/app/graphql/resolvers/ci/code_coverage_activities_resolver.rb"",""line"":14,""method"":""Resolvers::Ci::CodeCoverageActivitiesResolver#resolve""},{""file"":""app/finders/ci/daily_build_group_report_results_finder.rb"",""line"":34,""method"":""Ci::DailyBuildGroupReportResultsFinder#execute""},{""file"":""app/finders/ci/daily_build_group_report_results_finder.rb"",""line"":47,""method"":""Ci::DailyBuildGroupReportResultsFinder#filter_report_results""},{""file"":""app/finders/ci/daily_build_group_report_results_finder.rb"",""line"":64,""method"":""Ci::DailyBuildGroupReportResultsFinder#by_dates""},{""file"":""app/finders/ci/daily_build_group_report_results_finder.rb"",""line"":82,""method"":""Ci::DailyBuildGroupReportResultsFinder#start_date""},{""file"":""app/finders/ci/daily_build_group_report_results_finder.rb"",""line"":93,""method"":""Ci::DailyBuildGroupReportResultsFinder#end_date""}]",9cfc39017e700a28649858f6a902117f9d5e8edd,7d2536c0bf55b43fef04dde61446aa536d4f171fafbea56ea1eec33466ee5c24,literal,,
ep_3ecdf947ee1a4868e04ff77a,authenticated,ee,graphql_field,/api/graphql,False,app/finders/ci/daily_build_group_report_results_finder.rb,94,Date,params[:end_date],date,strptime,0,literal,index,0,5,82,"[175,176]",app/finders/ci/daily_build_group_report_results_finder.rb,Ci::DailyBuildGroupReportResultsFinder#start_date,82,90,93,"[{""file"":""ee/app/graphql/resolvers/ci/code_coverage_activities_resolver.rb"",""line"":14,""method"":""Resolvers::Ci::CodeCoverageActivitiesResolver#resolve""},{""file"":""app/finders/ci/daily_build_group_report_results_finder.rb"",""line"":34,""method"":""Ci::DailyBuildGroupReportResultsFinder#execute""},{""file"":""app/finders/ci/daily_build_group_report_results_finder.rb"",""line"":47,""method"":""Ci::DailyBuildGroupReportResultsFinder#filter_report_results""},{""file"":""app/finders/ci/daily_build_group_report_results_finder.rb"",""line"":64,""method"":""Ci::DailyBuildGroupReportResultsFinder#by_dates""},{""file"":""app/finders/ci/daily_build_group_report_results_finder.rb"",""line"":82,""method"":""Ci::DailyBuildGroupReportResultsFinder#start_date""},{""file"":""app/finders/ci/daily_build_group_report_results_finder.rb"",""line"":93,""method"":""Ci::DailyBuildGroupReportResultsFinder#end_date""}]",9cfc39017e700a28649858f6a902117f9d5e8edd,7d2536c0bf55b43fef04dde61446aa536d4f171fafbea56ea1eec33466ee5c24,params,,
ep_3ecdf947ee1a4868e04ff77a,authenticated,ee,graphql_field,/api/graphql,False,app/finders/ci/daily_build_group_report_results_finder.rb,94,Date,params[:end_date],date,strptime,0,literal,index,0,5,83,"[175,176]",app/finders/ci/daily_build_group_report_results_finder.rb,Ci::DailyBuildGroupReportResultsFinder#start_date,82,90,93,"[{""file"":""ee/app/graphql/resolvers/ci/code_coverage_activities_resolver.rb"",""line"":14,""method"":""Resolvers::Ci::CodeCoverageActivitiesResolver#resolve""},{""file"":""app/finders/ci/daily_build_group_report_results_finder.rb"",""line"":34,""method"":""Ci::DailyBuildGroupReportResultsFinder#execute""},{""file"":""app/finders/ci/daily_build_group_report_results_finder.rb"",""line"":47,""method"":""Ci::DailyBuildGroupReportResultsFinder#filter_report_results""},{""file"":""app/finders/ci/daily_build_group_report_results_finder.rb"",""line"":64,""method"":""Ci::DailyBuildGroupReportResultsFinder#by_dates""},{""file"":""app/finders/ci/daily_build_group_report_results_finder.rb"",""line"":82,""method"":""Ci::DailyBuildGroupReportResultsFinder#start_date""},{""file"":""app/finders/ci/daily_build_group_report_results_finder.rb"",""line"":93,""method"":""Ci::DailyBuildGroupReportResultsFinder#end_date""}]",9cfc39017e700a28649858f6a902117f9d5e8edd,7d2536c0bf55b43fef04dde61446aa536d4f171fafbea56ea1eec33466ee5c24,params,,
ep_3ecdf947ee1a4868e04ff77a,authenticated,ee,graphql_field,/api/graphql,False,app/finders/ci/daily_build_group_report_results_finder.rb,94,Date,DATE_FORMAT_ALLOWED,date,strptime,1,literal,index,0,5,84,"[175,176]",app/finders/ci/daily_build_group_report_results_finder.rb,Ci::DailyBuildGroupReportResultsFinder#start_date,82,90,93,"[{""file"":""ee/app/graphql/resolvers/ci/code_coverage_activities_resolver.rb"",""line"":14,""method"":""Resolvers::Ci::CodeCoverageActivitiesResolver#resolve""},{""file"":""app/finders/ci/daily_build_group_report_results_finder.rb"",""line"":34,""method"":""Ci::DailyBuildGroupReportResultsFinder#execute""},{""file"":""app/finders/ci/daily_build_group_report_results_finder.rb"",""line"":47,""method"":""Ci::DailyBuildGroupReportResultsFinder#filter_report_results""},{""file"":""app/finders/ci/daily_build_group_report_results_finder.rb"",""line"":64,""method"":""Ci::DailyBuildGroupReportResultsFinder#by_dates""},{""file"":""app/finders/ci/daily_build_group_report_results_finder.rb"",""line"":82,""method"":""Ci::DailyBuildGroupReportResultsFinder#start_date""},{""file"":""app/finders/ci/daily_build_group_report_results_finder.rb"",""line"":93,""method"":""Ci::DailyBuildGroupReportResultsFinder#end_date""}]",9cfc39017e700a28649858f6a902117f9d5e8edd,7d2536c0bf55b43fef04dde61446aa536d4f171fafbea56ea1eec33466ee5c24,literal,,
ep_3ecdf947ee1a4868e04ff77a,authenticated,ee,graphql_field,/api/graphql,False,app/finders/ci/daily_build_group_report_results_finder.rb,94,Date,DATE_FORMAT_ALLOWED,date,strptime,1,literal,index,0,5,85,"[175,176]",app/finders/ci/daily_build_group_report_results_finder.rb,Ci::DailyBuildGroupReportResultsFinder#start_date,82,90,93,"[{""file"":""ee/app/graphql/resolvers/ci/code_coverage_activities_resolver.rb"",""line"":14,""method"":""Resolvers::Ci::CodeCoverageActivitiesResolver#resolve""},{""file"":""app/finders/ci/daily_build_group_report_results_finder.rb"",""line"":34,""method"":""Ci::DailyBuildGroupReportResultsFinder#execute""},{""file"":""app/finders/ci/daily_build_group_report_results_finder.rb"",""line"":47,""method"":""Ci::DailyBuildGroupReportResultsFinder#filter_report_results""},{""file"":""app/finders/ci/daily_build_group_report_results_finder.rb"",""line"":64,""method"":""Ci::DailyBuildGroupReportResultsFinder#by_dates""},{""file"":""app/finders/ci/daily_build_group_report_results_finder.rb"",""line"":82,""method"":""Ci::DailyBuildGroupReportResultsFinder#start_date""},{""file"":""app/finders/ci/daily_build_group_report_results_finder.rb"",""line"":93,""method"":""Ci::DailyBuildGroupReportResultsFinder#end_date""}]",9cfc39017e700a28649858f6a902117f9d5e8edd,7d2536c0bf55b43fef04dde61446aa536d4f171fafbea56ea1eec33466ee5c24,literal,,
ep_c4fb141f0b5e5d20f22885d1,unknown,ee,graphql_field,/api/graphql,False,app/finders/ci/daily_build_group_report_results_finder.rb,94,Date,params[:end_date],date,strptime,0,literal,index,0,5,82,"[196,197]",app/finders/ci/daily_build_group_report_results_finder.rb,Ci::DailyBuildGroupReportResultsFinder#start_date,82,90,93,"[{""file"":""ee/app/graphql/resolvers/ci/code_coverage_activities_resolver.rb"",""line"":14,""method"":""Resolvers::Ci::CodeCoverageActivitiesResolver#resolve""},{""file"":""app/finders/ci/daily_build_group_report_results_finder.rb"",""line"":34,""method"":""Ci::DailyBuildGroupReportResultsFinder#execute""},{""file"":""app/finders/ci/daily_build_group_report_results_finder.rb"",""line"":47,""method"":""Ci::DailyBuildGroupReportResultsFinder#filter_report_results""},{""file"":""app/finders/ci/daily_build_group_report_results_finder.rb"",""line"":64,""method"":""Ci::DailyBuildGroupReportResultsFinder#by_dates""},{""file"":""app/finders/ci/daily_build_group_report_results_finder.rb"",""line"":82,""method"":""Ci::DailyBuildGroupReportResultsFinder#start_date""},{""file"":""app/finders/ci/daily_build_group_report_results_finder.rb"",""line"":93,""method"":""Ci::DailyBuildGroupReportResultsFinder#end_date""}]",9cfc39017e700a28649858f6a902117f9d5e8edd,7d2536c0bf55b43fef04dde61446aa536d4f171fafbea56ea1eec33466ee5c24,params,no,yes
ep_c4fb141f0b5e5d20f22885d1,unknown,ee,graphql_field,/api/graphql,False,app/finders/ci/daily_build_group_report_results_finder.rb,94,Date,params[:end_date],date,strptime,0,literal,index,0,5,83,"[196,197]",app/finders/ci/daily_build_group_report_results_finder.rb,Ci::DailyBuildGroupReportResultsFinder#start_date,82,90,93,"[{""file"":""ee/app/graphql/resolvers/ci/code_coverage_activities_resolver.rb"",""line"":14,""method"":""Resolvers::Ci::CodeCoverageActivitiesResolver#resolve""},{""file"":""app/finders/ci/daily_build_group_report_results_finder.rb"",""line"":34,""method"":""Ci::DailyBuildGroupReportResultsFinder#execute""},{""file"":""app/finders/ci/daily_build_group_report_results_finder.rb"",""line"":47,""method"":""Ci::DailyBuildGroupReportResultsFinder#filter_report_results""},{""file"":""app/finders/ci/daily_build_group_report_results_finder.rb"",""line"":64,""method"":""Ci::DailyBuildGroupReportResultsFinder#by_dates""},{""file"":""app/finders/ci/daily_build_group_report_results_finder.rb"",""line"":82,""method"":""Ci::DailyBuildGroupReportResultsFinder#start_date""},{""file"":""app/finders/ci/daily_build_group_report_results_finder.rb"",""line"":93,""method"":""Ci::DailyBuildGroupReportResultsFinder#end_date""}]",9cfc39017e700a28649858f6a902117f9d5e8edd,7d2536c0bf55b43fef04dde61446aa536d4f171fafbea56ea1eec33466ee5c24,params,no,yes
ep_c4fb141f0b5e5d20f22885d1,unknown,ee,graphql_field,/api/graphql,False,app/finders/ci/daily_build_group_report_results_finder.rb,94,Date,DATE_FORMAT_ALLOWED,date,strptime,1,literal,index,0,5,84,"[196,197]",app/finders/ci/daily_build_group_report_results_finder.rb,Ci::DailyBuildGroupReportResultsFinder#start_date,82,90,93,"[{""file"":""ee/app/graphql/resolvers/ci/code_coverage_activities_resolver.rb"",""line"":14,""method"":""Resolvers::Ci::CodeCoverageActivitiesResolver#resolve""},{""file"":""app/finders/ci/daily_build_group_report_results_finder.rb"",""line"":34,""method"":""Ci::DailyBuildGroupReportResultsFinder#execute""},{""file"":""app/finders/ci/daily_build_group_report_results_finder.rb"",""line"":47,""method"":""Ci::DailyBuildGroupReportResultsFinder#filter_report_results""},{""file"":""app/finders/ci/daily_build_group_report_results_finder.rb"",""line"":64,""method"":""Ci::DailyBuildGroupReportResultsFinder#by_dates""},{""file"":""app/finders/ci/daily_build_group_report_results_finder.rb"",""line"":82,""method"":""Ci::DailyBuildGroupReportResultsFinder#start_date""},{""file"":""app/finders/ci/daily_build_group_report_results_finder.rb"",""line"":93,""method"":""Ci::DailyBuildGroupReportResultsFinder#end_date""}]",9cfc39017e700a28649858f6a902117f9d5e8edd,7d2536c0bf55b43fef04dde61446aa536d4f171fafbea56ea1eec33466ee5c24,literal,,
ep_c4fb141f0b5e5d20f22885d1,unknown,ee,graphql_field,/api/graphql,False,app/finders/ci/daily_build_group_report_results_finder.rb,94,Date,DATE_FORMAT_ALLOWED,date,strptime,1,literal,index,0,5,85,"[196,197]",app/finders/ci/daily_build_group_report_results_finder.rb,Ci::DailyBuildGroupReportResultsFinder#start_date,82,90,93,"[{""file"":""ee/app/graphql/resolvers/ci/code_coverage_activities_resolver.rb"",""line"":14,""method"":""Resolvers::Ci::CodeCoverageActivitiesResolver#resolve""},{""file"":""app/finders/ci/daily_build_group_report_results_finder.rb"",""line"":34,""method"":""Ci::DailyBuildGroupReportResultsFinder#execute""},{""file"":""app/finders/ci/daily_build_group_report_results_finder.rb"",""line"":47,""method"":""Ci::DailyBuildGroupReportResultsFinder#filter_report_results""},{""file"":""app/finders/ci/daily_build_group_report_results_finder.rb"",""line"":64,""method"":""Ci::DailyBuildGroupReportResultsFinder#by_dates""},{""file"":""app/finders/ci/daily_build_group_report_results_finder.rb"",""line"":82,""method"":""Ci::DailyBuildGroupReportResultsFinder#start_date""},{""file"":""app/finders/ci/daily_build_group_report_results_finder.rb"",""line"":93,""method"":""Ci::DailyBuildGroupReportResultsFinder#end_date""}]",9cfc39017e700a28649858f6a902117f9d5e8edd,7d2536c0bf55b43fef04dde61446aa536d4f171fafbea56ea1eec33466ee5c24,literal,,
ep_ae166421ba6e285fe43b9b9f,authenticated,ee,graphql_field,/api/graphql,False,app/finders/ci/daily_build_group_report_results_finder.rb,94,Date,params[:end_date],date,strptime,0,literal,index,0,5,82,"[200,201]",app/finders/ci/daily_build_group_report_results_finder.rb,Ci::DailyBuildGroupReportResultsFinder#start_date,82,90,93,"[{""file"":""ee/app/graphql/resolvers/ci/code_coverage_activities_resolver.rb"",""line"":14,""method"":""Resolvers::Ci::CodeCoverageActivitiesResolver#resolve""},{""file"":""app/finders/ci/daily_build_group_report_results_finder.rb"",""line"":34,""method"":""Ci::DailyBuildGroupReportResultsFinder#execute""},{""file"":""app/finders/ci/daily_build_group_report_results_finder.rb"",""line"":47,""method"":""Ci::DailyBuildGroupReportResultsFinder#filter_report_results""},{""file"":""app/finders/ci/daily_build_group_report_results_finder.rb"",""line"":64,""method"":""Ci::DailyBuildGroupReportResultsFinder#by_dates""},{""file"":""app/finders/ci/daily_build_group_report_results_finder.rb"",""line"":82,""method"":""Ci::DailyBuildGroupReportResultsFinder#start_date""},{""file"":""app/finders/ci/daily_build_group_report_results_finder.rb"",""line"":93,""method"":""Ci::DailyBuildGroupReportResultsFinder#end_date""}]",9cfc39017e700a28649858f6a902117f9d5e8edd,7d2536c0bf55b43fef04dde61446aa536d4f171fafbea56ea1eec33466ee5c24,params,,
ep_ae166421ba6e285fe43b9b9f,authenticated,ee,graphql_field,/api/graphql,False,app/finders/ci/daily_build_group_report_results_finder.rb,94,Date,params[:end_date],date,strptime,0,literal,index,0,5,83,"[200,201]",app/finders/ci/daily_build_group_report_results_finder.rb,Ci::DailyBuildGroupReportResultsFinder#start_date,82,90,93,"[{""file"":""ee/app/graphql/resolvers/ci/code_coverage_activities_resolver.rb"",""line"":14,""method"":""Resolvers::Ci::CodeCoverageActivitiesResolver#resolve""},{""file"":""app/finders/ci/daily_build_group_report_results_finder.rb"",""line"":34,""method"":""Ci::DailyBuildGroupReportResultsFinder#execute""},{""file"":""app/finders/ci/daily_build_group_report_results_finder.rb"",""line"":47,""method"":""Ci::DailyBuildGroupReportResultsFinder#filter_report_results""},{""file"":""app/finders/ci/daily_build_group_report_results_finder.rb"",""line"":64,""method"":""Ci::DailyBuildGroupReportResultsFinder#by_dates""},{""file"":""app/finders/ci/daily_build_group_report_results_finder.rb"",""line"":82,""method"":""Ci::DailyBuildGroupReportResultsFinder#start_date""},{""file"":""app/finders/ci/daily_build_group_report_results_finder.rb"",""line"":93,""method"":""Ci::DailyBuildGroupReportResultsFinder#end_date""}]",9cfc39017e700a28649858f6a902117f9d5e8edd,7d2536c0bf55b43fef04dde61446aa536d4f171fafbea56ea1eec33466ee5c24,params,,
ep_ae166421ba6e285fe43b9b9f,authenticated,ee,graphql_field,/api/graphql,False,app/finders/ci/daily_build_group_report_results_finder.rb,94,Date,DATE_FORMAT_ALLOWED,date,strptime,1,literal,index,0,5,84,"[200,201]",app/finders/ci/daily_build_group_report_results_finder.rb,Ci::DailyBuildGroupReportResultsFinder#start_date,82,90,93,"[{""file"":""ee/app/graphql/resolvers/ci/code_coverage_activities_resolver.rb"",""line"":14,""method"":""Resolvers::Ci::CodeCoverageActivitiesResolver#resolve""},{""file"":""app/finders/ci/daily_build_group_report_results_finder.rb"",""line"":34,""method"":""Ci::DailyBuildGroupReportResultsFinder#execute""},{""file"":""app/finders/ci/daily_build_group_report_results_finder.rb"",""line"":47,""method"":""Ci::DailyBuildGroupReportResultsFinder#filter_report_results""},{""file"":""app/finders/ci/daily_build_group_report_results_finder.rb"",""line"":64,""method"":""Ci::DailyBuildGroupReportResultsFinder#by_dates""},{""file"":""app/finders/ci/daily_build_group_report_results_finder.rb"",""line"":82,""method"":""Ci::DailyBuildGroupReportResultsFinder#start_date""},{""file"":""app/finders/ci/daily_build_group_report_results_finder.rb"",""line"":93,""method"":""Ci::DailyBuildGroupReportResultsFinder#end_date""}]",9cfc39017e700a28649858f6a902117f9d5e8edd,7d2536c0bf55b43fef04dde61446aa536d4f171fafbea56ea1eec33466ee5c24,literal,,
ep_ae166421ba6e285fe43b9b9f,authenticated,ee,graphql_field,/api/graphql,False,app/finders/ci/daily_build_group_report_results_finder.rb,94,Date,DATE_FORMAT_ALLOWED,date,strptime,1,literal,index,0,5,85,"[200,201]",app/finders/ci/daily_build_group_report_results_finder.rb,Ci::DailyBuildGroupReportResultsFinder#start_date,82,90,93,"[{""file"":""ee/app/graphql/resolvers/ci/code_coverage_activities_resolver.rb"",""line"":14,""method"":""Resolvers::Ci::CodeCoverageActivitiesResolver#resolve""},{""file"":""app/finders/ci/daily_build_group_report_results_finder.rb"",""line"":34,""method"":""Ci::DailyBuildGroupReportResultsFinder#execute""},{""file"":""app/finders/ci/daily_build_group_report_results_finder.rb"",""line"":47,""method"":""Ci::DailyBuildGroupReportResultsFinder#filter_report_results""},{""file"":""app/finders/ci/daily_build_group_report_results_finder.rb"",""line"":64,""method"":""Ci::DailyBuildGroupReportResultsFinder#by_dates""},{""file"":""app/finders/ci/daily_build_group_report_results_finder.rb"",""line"":82,""method"":""Ci::DailyBuildGroupReportResultsFinder#start_date""},{""file"":""app/finders/ci/daily_build_group_report_results_finder.rb"",""line"":93,""method"":""Ci::DailyBuildGroupReportResultsFinder#end_date""}]",9cfc39017e700a28649858f6a902117f9d5e8edd,7d2536c0bf55b43fef04dde61446aa536d4f171fafbea56ea1eec33466ee5c24,literal,,
ep_7486efa654d081168c8185a8,unknown,ee,graphql_field,/api/graphql,False,app/finders/ci/daily_build_group_report_results_finder.rb,94,Date,params[:end_date],date,strptime,0,literal,index,0,5,82,"[205,206]",app/finders/ci/daily_build_group_report_results_finder.rb,Ci::DailyBuildGroupReportResultsFinder#start_date,82,90,93,"[{""file"":""ee/app/graphql/resolvers/ci/code_coverage_activities_resolver.rb"",""line"":14,""method"":""Resolvers::Ci::CodeCoverageActivitiesResolver#resolve""},{""file"":""app/finders/ci/daily_build_group_report_results_finder.rb"",""line"":34,""method"":""Ci::DailyBuildGroupReportResultsFinder#execute""},{""file"":""app/finders/ci/daily_build_group_report_results_finder.rb"",""line"":47,""method"":""Ci::DailyBuildGroupReportResultsFinder#filter_report_results""},{""file"":""app/finders/ci/daily_build_group_report_results_finder.rb"",""line"":64,""method"":""Ci::DailyBuildGroupReportResultsFinder#by_dates""},{""file"":""app/finders/ci/daily_build_group_report_results_finder.rb"",""line"":82,""method"":""Ci::DailyBuildGroupReportResultsFinder#start_date""},{""file"":""app/finders/ci/daily_build_group_report_results_finder.rb"",""line"":93,""method"":""Ci::DailyBuildGroupReportResultsFinder#end_date""}]",9cfc39017e700a28649858f6a902117f9d5e8edd,7d2536c0bf55b43fef04dde61446aa536d4f171fafbea56ea1eec33466ee5c24,params,no,yes
ep_7486efa654d081168c8185a8,unknown,ee,graphql_field,/api/graphql,False,app/finders/ci/daily_build_group_report_results_finder.rb,94,Date,params[:end_date],date,strptime,0,literal,index,0,5,83,"[205,206]",app/finders/ci/daily_build_group_report_results_finder.rb,Ci::DailyBuildGroupReportResultsFinder#start_date,82,90,93,"[{""file"":""ee/app/graphql/resolvers/ci/code_coverage_activities_resolver.rb"",""line"":14,""method"":""Resolvers::Ci::CodeCoverageActivitiesResolver#resolve""},{""file"":""app/finders/ci/daily_build_group_report_results_finder.rb"",""line"":34,""method"":""Ci::DailyBuildGroupReportResultsFinder#execute""},{""file"":""app/finders/ci/daily_build_group_report_results_finder.rb"",""line"":47,""method"":""Ci::DailyBuildGroupReportResultsFinder#filter_report_results""},{""file"":""app/finders/ci/daily_build_group_report_results_finder.rb"",""line"":64,""method"":""Ci::DailyBuildGroupReportResultsFinder#by_dates""},{""file"":""app/finders/ci/daily_build_group_report_results_finder.rb"",""line"":82,""method"":""Ci::DailyBuildGroupReportResultsFinder#start_date""},{""file"":""app/finders/ci/daily_build_group_report_results_finder.rb"",""line"":93,""method"":""Ci::DailyBuildGroupReportResultsFinder#end_date""}]",9cfc39017e700a28649858f6a902117f9d5e8edd,7d2536c0bf55b43fef04dde61446aa536d4f171fafbea56ea1eec33466ee5c24,params,no,yes
ep_7486efa654d081168c8185a8,unknown,ee,graphql_field,/api/graphql,False,app/finders/ci/daily_build_group_report_results_finder.rb,94,Date,DATE_FORMAT_ALLOWED,date,strptime,1,literal,index,0,5,84,"[205,206]",app/finders/ci/daily_build_group_report_results_finder.rb,Ci::DailyBuildGroupReportResultsFinder#start_date,82,90,93,"[{""file"":""ee/app/graphql/resolvers/ci/code_coverage_activities_resolver.rb"",""line"":14,""method"":""Resolvers::Ci::CodeCoverageActivitiesResolver#resolve""},{""file"":""app/finders/ci/daily_build_group_report_results_finder.rb"",""line"":34,""method"":""Ci::DailyBuildGroupReportResultsFinder#execute""},{""file"":""app/finders/ci/daily_build_group_report_results_finder.rb"",""line"":47,""method"":""Ci::DailyBuildGroupReportResultsFinder#filter_report_results""},{""file"":""app/finders/ci/daily_build_group_report_results_finder.rb"",""line"":64,""method"":""Ci::DailyBuildGroupReportResultsFinder#by_dates""},{""file"":""app/finders/ci/daily_build_group_report_results_finder.rb"",""line"":82,""method"":""Ci::DailyBuildGroupReportResultsFinder#start_date""},{""file"":""app/finders/ci/daily_build_group_report_results_finder.rb"",""line"":93,""method"":""Ci::DailyBuildGroupReportResultsFinder#end_date""}]",9cfc39017e700a28649858f6a902117f9d5e8edd,7d2536c0bf55b43fef04dde61446aa536d4f171fafbea56ea1eec33466ee5c24,literal,,
ep_7486efa654d081168c8185a8,unknown,ee,graphql_field,/api/graphql,False,app/finders/ci/daily_build_group_report_results_finder.rb,94,Date,DATE_FORMAT_ALLOWED,date,strptime,1,literal,index,0,5,85,"[205,206]",app/finders/ci/daily_build_group_report_results_finder.rb,Ci::DailyBuildGroupReportResultsFinder#start_date,82,90,93,"[{""file"":""ee/app/graphql/resolvers/ci/code_coverage_activities_resolver.rb"",""line"":14,""method"":""Resolvers::Ci::CodeCoverageActivitiesResolver#resolve""},{""file"":""app/finders/ci/daily_build_group_report_results_finder.rb"",""line"":34,""method"":""Ci::DailyBuildGroupReportResultsFinder#execute""},{""file"":""app/finders/ci/daily_build_group_report_results_finder.rb"",""line"":47,""method"":""Ci::DailyBuildGroupReportResultsFinder#filter_report_results""},{""file"":""app/finders/ci/daily_build_group_report_results_finder.rb"",""line"":64,""method"":""Ci::DailyBuildGroupReportResultsFinder#by_dates""},{""file"":""app/finders/ci/daily_build_group_report_results_finder.rb"",""line"":82,""method"":""Ci::DailyBuildGroupReportResultsFinder#start_date""},{""file"":""app/finders/ci/daily_build_group_report_results_finder.rb"",""line"":93,""method"":""Ci::DailyBuildGroupReportResultsFinder#end_date""}]",9cfc39017e700a28649858f6a902117f9d5e8edd,7d2536c0bf55b43fef04dde61446aa536d4f171fafbea56ea1eec33466ee5c24,literal,,
