catalog_record,entrypoint,auth,edition,entrypoint_type,entrypoint_path,anonymous_access,file,line,receiver,expression,gem,method,argument_index,stored_label,slot,call_depth,call_chain_depth,argument_catalog_record,recorded_source_revision,recorded_source_sha256,source
16,ep_9917c3ab846ec306798240bc,unknown,ce,graphql_field,/api/graphql,False,app/helpers/safe_format_helper.rb,29,ERB::Util,value,erb,html_escape,0,"param(str,0)",size,1,3,118,9cfc39017e700a28649858f6a902117f9d5e8edd,9b9bb532eb64dff3746b1fdc8312725630f4c2800aecc127f423f68862f71a68,local
17,ep_fa394fa3cbfa2ec4ddcd4d61,unknown,ce,graphql_field,/api/graphql,False,app/helpers/safe_format_helper.rb,29,ERB::Util,value,erb,html_escape,0,"param(str,0)",size,1,3,118,9cfc39017e700a28649858f6a902117f9d5e8edd,9b9bb532eb64dff3746b1fdc8312725630f4c2800aecc127f423f68862f71a68,local
18,ep_7c89d3013d31ebd9cf751d9d,unknown,ce,graphql_field,/api/graphql,False,app/helpers/safe_format_helper.rb,29,ERB::Util,value,erb,html_escape,0,"param(str,0)",size,1,3,118,9cfc39017e700a28649858f6a902117f9d5e8edd,9b9bb532eb64dff3746b1fdc8312725630f4c2800aecc127f423f68862f71a68,local
19,ep_abdef7e47d18fc9fc3b2e454,unknown,ce,graphql_field,/api/graphql,False,app/helpers/safe_format_helper.rb,29,ERB::Util,value,erb,html_escape,0,"param(str,0)",size,1,3,118,9cfc39017e700a28649858f6a902117f9d5e8edd,9b9bb532eb64dff3746b1fdc8312725630f4c2800aecc127f423f68862f71a68,local
20,ep_4884080109aba745761f559a,unknown,ce,graphql_field,/api/graphql,False,app/helpers/safe_format_helper.rb,29,ERB::Util,value,erb,html_escape,0,"param(str,0)",size,1,3,118,9cfc39017e700a28649858f6a902117f9d5e8edd,9b9bb532eb64dff3746b1fdc8312725630f4c2800aecc127f423f68862f71a68,local
21,ep_86f543e6ce3a6e046d2b428b,unknown,ce,graphql_field,/api/graphql,False,app/helpers/safe_format_helper.rb,29,ERB::Util,value,erb,html_escape,0,"param(str,0)",size,1,3,118,9cfc39017e700a28649858f6a902117f9d5e8edd,9b9bb532eb64dff3746b1fdc8312725630f4c2800aecc127f423f68862f71a68,local
22,ep_cba127a622a69f028b29c297,unknown,ce,graphql_field,/api/graphql,False,app/helpers/safe_format_helper.rb,29,ERB::Util,value,erb,html_escape,0,"param(str,0)",size,1,3,118,9cfc39017e700a28649858f6a902117f9d5e8edd,9b9bb532eb64dff3746b1fdc8312725630f4c2800aecc127f423f68862f71a68,local
23,ep_804f38226cb4e6e5fcba6527,unknown,ce,graphql_field,/api/graphql,False,app/helpers/safe_format_helper.rb,29,ERB::Util,value,erb,html_escape,0,"param(str,0)",size,1,3,118,9cfc39017e700a28649858f6a902117f9d5e8edd,9b9bb532eb64dff3746b1fdc8312725630f4c2800aecc127f423f68862f71a68,local
24,ep_e2daa436aeb066a0d2f27783,unknown,ce,graphql_field,/api/graphql,False,app/helpers/safe_format_helper.rb,29,ERB::Util,value,erb,html_escape,0,"param(str,0)",size,1,3,118,9cfc39017e700a28649858f6a902117f9d5e8edd,9b9bb532eb64dff3746b1fdc8312725630f4c2800aecc127f423f68862f71a68,local
25,ep_0f9d17528d5596091d61e516,unknown,ce,graphql_field,/api/graphql,False,app/helpers/safe_format_helper.rb,29,ERB::Util,value,erb,html_escape,0,"param(str,0)",size,1,3,118,9cfc39017e700a28649858f6a902117f9d5e8edd,9b9bb532eb64dff3746b1fdc8312725630f4c2800aecc127f423f68862f71a68,local
26,ep_1d230fb026f2fa386df8dfd8,unknown,ce,graphql_field,/api/graphql,False,app/helpers/safe_format_helper.rb,29,ERB::Util,value,erb,html_escape,0,"param(str,0)",size,1,3,118,9cfc39017e700a28649858f6a902117f9d5e8edd,9b9bb532eb64dff3746b1fdc8312725630f4c2800aecc127f423f68862f71a68,local
27,ep_4e29054a0cbf374d6b37537b,unknown,ce,graphql_field,/api/graphql,False,app/helpers/safe_format_helper.rb,29,ERB::Util,value,erb,html_escape,0,"param(str,0)",size,1,3,118,9cfc39017e700a28649858f6a902117f9d5e8edd,9b9bb532eb64dff3746b1fdc8312725630f4c2800aecc127f423f68862f71a68,local
28,ep_238ef22492511b33b2cee5ca,unknown,ce,graphql_field,/api/graphql,False,app/helpers/safe_format_helper.rb,29,ERB::Util,value,erb,html_escape,0,"param(str,0)",size,1,3,118,9cfc39017e700a28649858f6a902117f9d5e8edd,9b9bb532eb64dff3746b1fdc8312725630f4c2800aecc127f423f68862f71a68,local
33,ep_5aa06bf18169c925bdb73b6c,unknown,ce,graphql_field,/api/graphql,False,app/helpers/safe_format_helper.rb,29,ERB::Util,value,erb,html_escape,0,"param(str,0)",size,1,3,118,9cfc39017e700a28649858f6a902117f9d5e8edd,9b9bb532eb64dff3746b1fdc8312725630f4c2800aecc127f423f68862f71a68,local
35,ep_5d27abd5be22531270a16782,unknown,ce,graphql_field,/api/graphql,False,app/helpers/safe_format_helper.rb,29,ERB::Util,value,erb,html_escape,0,"param(str,0)",size,1,3,118,9cfc39017e700a28649858f6a902117f9d5e8edd,9b9bb532eb64dff3746b1fdc8312725630f4c2800aecc127f423f68862f71a68,local
49,ep_444a4dd940ffe31dd67a950a,unknown,ce,rails_action,/*namespace_id/:project_id/-/google_cloud/configuration,False,lib/google_api/cloud_platform/client.rb,174,DateTime,expires_at,date,strptime,0,literal,index,0,3,82,9cfc39017e700a28649858f6a902117f9d5e8edd,c3b98f68f1ff68800992f5361f9d4097c9b83a084cb6a8697961808d568ad80a,local
50,ep_444a4dd940ffe31dd67a950a,unknown,ce,rails_action,/*namespace_id/:project_id/-/google_cloud/configuration,False,lib/google_api/cloud_platform/client.rb,174,DateTime,expires_at,date,strptime,0,literal,index,0,3,83,9cfc39017e700a28649858f6a902117f9d5e8edd,c3b98f68f1ff68800992f5361f9d4097c9b83a084cb6a8697961808d568ad80a,local
51,ep_8029d5cad6e1e1f6614e72ce,unknown,ce,rails_action,/*namespace_id/:project_id/-/google_cloud/deployments/cloud_run,False,app/helpers/safe_format_helper.rb,29,ERB::Util,value,erb,html_escape,0,"param(str,0)",size,1,1,118,9cfc39017e700a28649858f6a902117f9d5e8edd,9b9bb532eb64dff3746b1fdc8312725630f4c2800aecc127f423f68862f71a68,local
52,ep_802d5664ecbf1258df67b21f,unknown,ce,rails_action,/*namespace_id/:project_id/-/google_cloud/service_accounts,False,app/helpers/safe_format_helper.rb,29,ERB::Util,value,erb,html_escape,0,"param(str,0)",size,1,1,118,9cfc39017e700a28649858f6a902117f9d5e8edd,9b9bb532eb64dff3746b1fdc8312725630f4c2800aecc127f423f68862f71a68,local
53,ep_a53660190b8db05d1b7f3017,unknown,ce,rails_action,/*namespace_id/:project_id/-/google_cloud/service_accounts,False,app/helpers/safe_format_helper.rb,29,ERB::Util,value,erb,html_escape,0,"param(str,0)",size,1,1,118,9cfc39017e700a28649858f6a902117f9d5e8edd,9b9bb532eb64dff3746b1fdc8312725630f4c2800aecc127f423f68862f71a68,local
58,ep_4759797db9abf8a5db55da2d,unknown,ce,rails_action,/*namespace_id/:project_id/-/pipeline_schedules/:id/play,False,app/helpers/safe_format_helper.rb,29,ERB::Util,value,erb,html_escape,0,"param(str,0)",size,1,1,118,9cfc39017e700a28649858f6a902117f9d5e8edd,9b9bb532eb64dff3746b1fdc8312725630f4c2800aecc127f423f68862f71a68,local
81,ep_56086d092bd86c2ebc172604,unknown,ce,rails_action,/-/profile/emails/:id/resend_confirmation_instructions,False,app/helpers/safe_format_helper.rb,29,ERB::Util,value,erb,html_escape,0,"param(str,0)",size,1,1,118,9cfc39017e700a28649858f6a902117f9d5e8edd,9b9bb532eb64dff3746b1fdc8312725630f4c2800aecc127f423f68862f71a68,local
83,ep_15d485d5698c6982d9280376,unknown,ce,rails_action,/-/profile/two_factor_auth,False,app/controllers/profiles/two_factor_auths_controller.rb,182,Nokogiri::XML::Node,doc,nokogiri,new,1,literal,format,0,2,273,9cfc39017e700a28649858f6a902117f9d5e8edd,dcbd9426c651a9a650846bc61fd616695c0fe37edcd9dec8e607cd1b5b93be0b,local
84,ep_15d485d5698c6982d9280376,unknown,ce,rails_action,/-/profile/two_factor_auth,False,app/controllers/profiles/two_factor_auths_controller.rb,182,Nokogiri::XML::Node,doc,nokogiri,new,1,literal,format,1,2,274,9cfc39017e700a28649858f6a902117f9d5e8edd,dcbd9426c651a9a650846bc61fd616695c0fe37edcd9dec8e607cd1b5b93be0b,local
85,ep_fc54633ba05d7d838352f0ad,unknown,ce,rails_action,/-/profile/two_factor_auth,False,app/controllers/profiles/two_factor_auths_controller.rb,182,Nokogiri::XML::Node,doc,nokogiri,new,1,literal,format,0,2,273,9cfc39017e700a28649858f6a902117f9d5e8edd,dcbd9426c651a9a650846bc61fd616695c0fe37edcd9dec8e607cd1b5b93be0b,local
86,ep_fc54633ba05d7d838352f0ad,unknown,ce,rails_action,/-/profile/two_factor_auth,False,app/controllers/profiles/two_factor_auths_controller.rb,182,Nokogiri::XML::Node,doc,nokogiri,new,1,literal,format,1,2,274,9cfc39017e700a28649858f6a902117f9d5e8edd,dcbd9426c651a9a650846bc61fd616695c0fe37edcd9dec8e607cd1b5b93be0b,local
87,ep_7d123c2770cad20d50677e7b,unknown,ce,rails_action,/-/profile/two_factor_auth/create_webauthn,False,app/controllers/profiles/two_factor_auths_controller.rb,182,Nokogiri::XML::Node,doc,nokogiri,new,1,literal,format,0,1,273,9cfc39017e700a28649858f6a902117f9d5e8edd,dcbd9426c651a9a650846bc61fd616695c0fe37edcd9dec8e607cd1b5b93be0b,local
88,ep_7d123c2770cad20d50677e7b,unknown,ce,rails_action,/-/profile/two_factor_auth/create_webauthn,False,app/controllers/profiles/two_factor_auths_controller.rb,182,Nokogiri::XML::Node,doc,nokogiri,new,1,literal,format,1,1,274,9cfc39017e700a28649858f6a902117f9d5e8edd,dcbd9426c651a9a650846bc61fd616695c0fe37edcd9dec8e607cd1b5b93be0b,local
90,ep_4f09b4a5a5ec3050e401033d,unknown,ce,rails_action,/-/user_settings/integration_accounts,False,app/helpers/safe_format_helper.rb,29,ERB::Util,value,erb,html_escape,0,"param(str,0)",size,1,1,118,9cfc39017e700a28649858f6a902117f9d5e8edd,9b9bb532eb64dff3746b1fdc8312725630f4c2800aecc127f423f68862f71a68,local
93,ep_7f2a7f7e670aa60f6bb307b2,unknown,ce,rails_action,/:username,False,app/helpers/safe_format_helper.rb,29,ERB::Util,value,erb,html_escape,0,"param(str,0)",size,1,1,118,9cfc39017e700a28649858f6a902117f9d5e8edd,9b9bb532eb64dff3746b1fdc8312725630f4c2800aecc127f423f68862f71a68,local
110,ep_7688a615a7a56d55458febab,unknown,ce,rails_action,/o/:organization_path/*namespace_id/:project_id/-/google_cloud/configuration,False,lib/google_api/cloud_platform/client.rb,174,DateTime,expires_at,date,strptime,0,literal,index,0,3,82,9cfc39017e700a28649858f6a902117f9d5e8edd,c3b98f68f1ff68800992f5361f9d4097c9b83a084cb6a8697961808d568ad80a,local
111,ep_7688a615a7a56d55458febab,unknown,ce,rails_action,/o/:organization_path/*namespace_id/:project_id/-/google_cloud/configuration,False,lib/google_api/cloud_platform/client.rb,174,DateTime,expires_at,date,strptime,0,literal,index,0,3,83,9cfc39017e700a28649858f6a902117f9d5e8edd,c3b98f68f1ff68800992f5361f9d4097c9b83a084cb6a8697961808d568ad80a,local
112,ep_fc07af08cb91ccaed584e46c,unknown,ce,rails_action,/o/:organization_path/*namespace_id/:project_id/-/google_cloud/deployments/cloud_run,False,app/helpers/safe_format_helper.rb,29,ERB::Util,value,erb,html_escape,0,"param(str,0)",size,1,1,118,9cfc39017e700a28649858f6a902117f9d5e8edd,9b9bb532eb64dff3746b1fdc8312725630f4c2800aecc127f423f68862f71a68,local
113,ep_2e660a7f30179dbc7c444776,unknown,ce,rails_action,/o/:organization_path/*namespace_id/:project_id/-/google_cloud/service_accounts,False,app/helpers/safe_format_helper.rb,29,ERB::Util,value,erb,html_escape,0,"param(str,0)",size,1,1,118,9cfc39017e700a28649858f6a902117f9d5e8edd,9b9bb532eb64dff3746b1fdc8312725630f4c2800aecc127f423f68862f71a68,local
114,ep_b6a8113770ea565ac5028f2a,unknown,ce,rails_action,/o/:organization_path/*namespace_id/:project_id/-/google_cloud/service_accounts,False,app/helpers/safe_format_helper.rb,29,ERB::Util,value,erb,html_escape,0,"param(str,0)",size,1,1,118,9cfc39017e700a28649858f6a902117f9d5e8edd,9b9bb532eb64dff3746b1fdc8312725630f4c2800aecc127f423f68862f71a68,local
119,ep_bc6e5cc917cd13382ff30e1c,unknown,ce,rails_action,/o/:organization_path/*namespace_id/:project_id/-/pipeline_schedules/:id/play,False,app/helpers/safe_format_helper.rb,29,ERB::Util,value,erb,html_escape,0,"param(str,0)",size,1,1,118,9cfc39017e700a28649858f6a902117f9d5e8edd,9b9bb532eb64dff3746b1fdc8312725630f4c2800aecc127f423f68862f71a68,local
142,ep_39d0acefa149eec8f9276406,unknown,ce,rails_action,/o/:organization_path/-/profile/emails/:id/resend_confirmation_instructions,False,app/helpers/safe_format_helper.rb,29,ERB::Util,value,erb,html_escape,0,"param(str,0)",size,1,1,118,9cfc39017e700a28649858f6a902117f9d5e8edd,9b9bb532eb64dff3746b1fdc8312725630f4c2800aecc127f423f68862f71a68,local
144,ep_7e66c16cbb60e2f1b22282b2,unknown,ce,rails_action,/o/:organization_path/-/profile/two_factor_auth,False,app/controllers/profiles/two_factor_auths_controller.rb,182,Nokogiri::XML::Node,doc,nokogiri,new,1,literal,format,0,2,273,9cfc39017e700a28649858f6a902117f9d5e8edd,dcbd9426c651a9a650846bc61fd616695c0fe37edcd9dec8e607cd1b5b93be0b,local
145,ep_7e66c16cbb60e2f1b22282b2,unknown,ce,rails_action,/o/:organization_path/-/profile/two_factor_auth,False,app/controllers/profiles/two_factor_auths_controller.rb,182,Nokogiri::XML::Node,doc,nokogiri,new,1,literal,format,1,2,274,9cfc39017e700a28649858f6a902117f9d5e8edd,dcbd9426c651a9a650846bc61fd616695c0fe37edcd9dec8e607cd1b5b93be0b,local
146,ep_baf59d5a39563d2db4fdc5c9,unknown,ce,rails_action,/o/:organization_path/-/profile/two_factor_auth,False,app/controllers/profiles/two_factor_auths_controller.rb,182,Nokogiri::XML::Node,doc,nokogiri,new,1,literal,format,0,2,273,9cfc39017e700a28649858f6a902117f9d5e8edd,dcbd9426c651a9a650846bc61fd616695c0fe37edcd9dec8e607cd1b5b93be0b,local
147,ep_baf59d5a39563d2db4fdc5c9,unknown,ce,rails_action,/o/:organization_path/-/profile/two_factor_auth,False,app/controllers/profiles/two_factor_auths_controller.rb,182,Nokogiri::XML::Node,doc,nokogiri,new,1,literal,format,1,2,274,9cfc39017e700a28649858f6a902117f9d5e8edd,dcbd9426c651a9a650846bc61fd616695c0fe37edcd9dec8e607cd1b5b93be0b,local
148,ep_ee68a15f8e625122b94eaee1,unknown,ce,rails_action,/o/:organization_path/-/profile/two_factor_auth/create_webauthn,False,app/controllers/profiles/two_factor_auths_controller.rb,182,Nokogiri::XML::Node,doc,nokogiri,new,1,literal,format,0,1,273,9cfc39017e700a28649858f6a902117f9d5e8edd,dcbd9426c651a9a650846bc61fd616695c0fe37edcd9dec8e607cd1b5b93be0b,local
149,ep_ee68a15f8e625122b94eaee1,unknown,ce,rails_action,/o/:organization_path/-/profile/two_factor_auth/create_webauthn,False,app/controllers/profiles/two_factor_auths_controller.rb,182,Nokogiri::XML::Node,doc,nokogiri,new,1,literal,format,1,1,274,9cfc39017e700a28649858f6a902117f9d5e8edd,dcbd9426c651a9a650846bc61fd616695c0fe37edcd9dec8e607cd1b5b93be0b,local
151,ep_b4511e098e777e9de02a49cd,unknown,ce,rails_action,/o/:organization_path/-/user_settings/integration_accounts,False,app/helpers/safe_format_helper.rb,29,ERB::Util,value,erb,html_escape,0,"param(str,0)",size,1,1,118,9cfc39017e700a28649858f6a902117f9d5e8edd,9b9bb532eb64dff3746b1fdc8312725630f4c2800aecc127f423f68862f71a68,local
154,ep_549af9efa794ec12caef45a7,unknown,ce,rails_action,/o/:organization_path/:username,False,app/helpers/safe_format_helper.rb,29,ERB::Util,value,erb,html_escape,0,"param(str,0)",size,1,1,118,9cfc39017e700a28649858f6a902117f9d5e8edd,9b9bb532eb64dff3746b1fdc8312725630f4c2800aecc127f423f68862f71a68,local
161,ep_f6b893c4819bb71f2173d0e7,unknown,ce,rails_action,/o/:organization_path/search,False,app/helpers/safe_format_helper.rb,29,ERB::Util,value,erb,html_escape,0,"param(str,0)",size,1,2,118,9cfc39017e700a28649858f6a902117f9d5e8edd,9b9bb532eb64dff3746b1fdc8312725630f4c2800aecc127f423f68862f71a68,local
163,ep_3e299fd29607cffc60051492,unknown,ce,rails_action,/search,False,app/helpers/safe_format_helper.rb,29,ERB::Util,value,erb,html_escape,0,"param(str,0)",size,1,2,118,9cfc39017e700a28649858f6a902117f9d5e8edd,9b9bb532eb64dff3746b1fdc8312725630f4c2800aecc127f423f68862f71a68,local
168,ep_7560f8946a7c4fc8e4f0e62f,unknown,ee,graphql_field,/api/graphql,False,app/finders/ci/daily_build_group_report_results_finder.rb,84,Date,DATE_FORMAT_ALLOWED,date,strptime,1,literal,index,0,4,84,9cfc39017e700a28649858f6a902117f9d5e8edd,7d2536c0bf55b43fef04dde61446aa536d4f171fafbea56ea1eec33466ee5c24,literal
169,ep_7560f8946a7c4fc8e4f0e62f,unknown,ee,graphql_field,/api/graphql,False,app/finders/ci/daily_build_group_report_results_finder.rb,84,Date,DATE_FORMAT_ALLOWED,date,strptime,1,literal,index,0,4,85,9cfc39017e700a28649858f6a902117f9d5e8edd,7d2536c0bf55b43fef04dde61446aa536d4f171fafbea56ea1eec33466ee5c24,literal
170,ep_7560f8946a7c4fc8e4f0e62f,unknown,ee,graphql_field,/api/graphql,False,app/finders/ci/daily_build_group_report_results_finder.rb,94,Date,DATE_FORMAT_ALLOWED,date,strptime,1,literal,index,0,4,84,9cfc39017e700a28649858f6a902117f9d5e8edd,7d2536c0bf55b43fef04dde61446aa536d4f171fafbea56ea1eec33466ee5c24,literal
171,ep_7560f8946a7c4fc8e4f0e62f,unknown,ee,graphql_field,/api/graphql,False,app/finders/ci/daily_build_group_report_results_finder.rb,94,Date,DATE_FORMAT_ALLOWED,date,strptime,1,literal,index,0,4,85,9cfc39017e700a28649858f6a902117f9d5e8edd,7d2536c0bf55b43fef04dde61446aa536d4f171fafbea56ea1eec33466ee5c24,literal
181,ep_040c9fcb33b53ba8b81ee9a8,unknown,ee,graphql_field,/api/graphql,False,app/helpers/safe_format_helper.rb,29,ERB::Util,value,erb,html_escape,0,"param(str,0)",size,1,3,118,9cfc39017e700a28649858f6a902117f9d5e8edd,9b9bb532eb64dff3746b1fdc8312725630f4c2800aecc127f423f68862f71a68,local
182,ep_936da60cfbb30d5c995b0c1c,unknown,ee,graphql_field,/api/graphql,False,app/helpers/safe_format_helper.rb,29,ERB::Util,value,erb,html_escape,0,"param(str,0)",size,1,3,118,9cfc39017e700a28649858f6a902117f9d5e8edd,9b9bb532eb64dff3746b1fdc8312725630f4c2800aecc127f423f68862f71a68,local
194,ep_bfd2c00d117ba513e6b22890,unknown,ee,graphql_field,/api/graphql,False,app/helpers/safe_format_helper.rb,29,ERB::Util,value,erb,html_escape,0,"param(str,0)",size,1,3,118,9cfc39017e700a28649858f6a902117f9d5e8edd,9b9bb532eb64dff3746b1fdc8312725630f4c2800aecc127f423f68862f71a68,local
195,ep_a1220ef82558620f8b9cd7fd,unknown,ee,graphql_field,/api/graphql,False,app/helpers/safe_format_helper.rb,29,ERB::Util,value,erb,html_escape,0,"param(str,0)",size,1,3,118,9cfc39017e700a28649858f6a902117f9d5e8edd,9b9bb532eb64dff3746b1fdc8312725630f4c2800aecc127f423f68862f71a68,local
196,ep_c4fb141f0b5e5d20f22885d1,unknown,ee,graphql_field,/api/graphql,False,app/finders/ci/daily_build_group_report_results_finder.rb,84,Date,DATE_FORMAT_ALLOWED,date,strptime,1,literal,index,0,4,84,9cfc39017e700a28649858f6a902117f9d5e8edd,7d2536c0bf55b43fef04dde61446aa536d4f171fafbea56ea1eec33466ee5c24,literal
197,ep_c4fb141f0b5e5d20f22885d1,unknown,ee,graphql_field,/api/graphql,False,app/finders/ci/daily_build_group_report_results_finder.rb,84,Date,DATE_FORMAT_ALLOWED,date,strptime,1,literal,index,0,4,85,9cfc39017e700a28649858f6a902117f9d5e8edd,7d2536c0bf55b43fef04dde61446aa536d4f171fafbea56ea1eec33466ee5c24,literal
198,ep_c4fb141f0b5e5d20f22885d1,unknown,ee,graphql_field,/api/graphql,False,app/finders/ci/daily_build_group_report_results_finder.rb,94,Date,DATE_FORMAT_ALLOWED,date,strptime,1,literal,index,0,4,84,9cfc39017e700a28649858f6a902117f9d5e8edd,7d2536c0bf55b43fef04dde61446aa536d4f171fafbea56ea1eec33466ee5c24,literal
199,ep_c4fb141f0b5e5d20f22885d1,unknown,ee,graphql_field,/api/graphql,False,app/finders/ci/daily_build_group_report_results_finder.rb,94,Date,DATE_FORMAT_ALLOWED,date,strptime,1,literal,index,0,4,85,9cfc39017e700a28649858f6a902117f9d5e8edd,7d2536c0bf55b43fef04dde61446aa536d4f171fafbea56ea1eec33466ee5c24,literal
204,ep_a8b19b05e0e195d00fdcfbec,unknown,ee,graphql_field,/api/graphql,False,app/helpers/safe_format_helper.rb,29,ERB::Util,value,erb,html_escape,0,"param(str,0)",size,1,3,118,9cfc39017e700a28649858f6a902117f9d5e8edd,9b9bb532eb64dff3746b1fdc8312725630f4c2800aecc127f423f68862f71a68,local
205,ep_7486efa654d081168c8185a8,unknown,ee,graphql_field,/api/graphql,False,app/finders/ci/daily_build_group_report_results_finder.rb,84,Date,DATE_FORMAT_ALLOWED,date,strptime,1,literal,index,0,4,84,9cfc39017e700a28649858f6a902117f9d5e8edd,7d2536c0bf55b43fef04dde61446aa536d4f171fafbea56ea1eec33466ee5c24,literal
206,ep_7486efa654d081168c8185a8,unknown,ee,graphql_field,/api/graphql,False,app/finders/ci/daily_build_group_report_results_finder.rb,84,Date,DATE_FORMAT_ALLOWED,date,strptime,1,literal,index,0,4,85,9cfc39017e700a28649858f6a902117f9d5e8edd,7d2536c0bf55b43fef04dde61446aa536d4f171fafbea56ea1eec33466ee5c24,literal
207,ep_7486efa654d081168c8185a8,unknown,ee,graphql_field,/api/graphql,False,app/finders/ci/daily_build_group_report_results_finder.rb,94,Date,DATE_FORMAT_ALLOWED,date,strptime,1,literal,index,0,4,84,9cfc39017e700a28649858f6a902117f9d5e8edd,7d2536c0bf55b43fef04dde61446aa536d4f171fafbea56ea1eec33466ee5c24,literal
208,ep_7486efa654d081168c8185a8,unknown,ee,graphql_field,/api/graphql,False,app/finders/ci/daily_build_group_report_results_finder.rb,94,Date,DATE_FORMAT_ALLOWED,date,strptime,1,literal,index,0,4,85,9cfc39017e700a28649858f6a902117f9d5e8edd,7d2536c0bf55b43fef04dde61446aa536d4f171fafbea56ea1eec33466ee5c24,literal
210,ep_acc23d60958ed923615362b0,unknown,ee,graphql_field,/api/graphql,False,app/helpers/safe_format_helper.rb,29,ERB::Util,value,erb,html_escape,0,"param(str,0)",size,1,3,118,9cfc39017e700a28649858f6a902117f9d5e8edd,9b9bb532eb64dff3746b1fdc8312725630f4c2800aecc127f423f68862f71a68,local
211,ep_554da2b9e7b568ed822b1324,unknown,ee,graphql_field,/api/graphql,False,app/helpers/safe_format_helper.rb,29,ERB::Util,value,erb,html_escape,0,"param(str,0)",size,1,3,118,9cfc39017e700a28649858f6a902117f9d5e8edd,9b9bb532eb64dff3746b1fdc8312725630f4c2800aecc127f423f68862f71a68,local
212,ep_0f119dc0a1a94ebdffb8a473,unknown,ee,graphql_field,/api/graphql,False,app/helpers/safe_format_helper.rb,29,ERB::Util,value,erb,html_escape,0,"param(str,0)",size,1,3,118,9cfc39017e700a28649858f6a902117f9d5e8edd,9b9bb532eb64dff3746b1fdc8312725630f4c2800aecc127f423f68862f71a68,local
213,ep_26908c19515ccc85d80f156e,unknown,ee,graphql_field,/api/graphql,False,app/helpers/safe_format_helper.rb,29,ERB::Util,value,erb,html_escape,0,"param(str,0)",size,1,3,118,9cfc39017e700a28649858f6a902117f9d5e8edd,9b9bb532eb64dff3746b1fdc8312725630f4c2800aecc127f423f68862f71a68,local
214,ep_27f0d407102314a6c18a70ce,unknown,ee,graphql_field,/api/graphql,False,app/helpers/safe_format_helper.rb,29,ERB::Util,value,erb,html_escape,0,"param(str,0)",size,1,3,118,9cfc39017e700a28649858f6a902117f9d5e8edd,9b9bb532eb64dff3746b1fdc8312725630f4c2800aecc127f423f68862f71a68,local
215,ep_8842f41c6296af052d015111,unknown,ee,graphql_field,/api/graphql,False,app/helpers/safe_format_helper.rb,29,ERB::Util,value,erb,html_escape,0,"param(str,0)",size,1,3,118,9cfc39017e700a28649858f6a902117f9d5e8edd,9b9bb532eb64dff3746b1fdc8312725630f4c2800aecc127f423f68862f71a68,local
216,ep_074b3ef8fa800a8af5ba9e32,unknown,ee,graphql_field,/api/graphql,False,app/helpers/safe_format_helper.rb,29,ERB::Util,value,erb,html_escape,0,"param(str,0)",size,1,3,118,9cfc39017e700a28649858f6a902117f9d5e8edd,9b9bb532eb64dff3746b1fdc8312725630f4c2800aecc127f423f68862f71a68,local
217,ep_fac2cab19ecbf2ea3c7d3bd5,unknown,ee,graphql_field,/api/graphql,False,app/helpers/safe_format_helper.rb,29,ERB::Util,value,erb,html_escape,0,"param(str,0)",size,1,3,118,9cfc39017e700a28649858f6a902117f9d5e8edd,9b9bb532eb64dff3746b1fdc8312725630f4c2800aecc127f423f68862f71a68,local
218,ep_0dd2dcdfd97b84afdf68a850,unknown,ee,graphql_field,/api/graphql,False,app/helpers/safe_format_helper.rb,29,ERB::Util,value,erb,html_escape,0,"param(str,0)",size,1,3,118,9cfc39017e700a28649858f6a902117f9d5e8edd,9b9bb532eb64dff3746b1fdc8312725630f4c2800aecc127f423f68862f71a68,local
219,ep_17467e718ecf9b3b788ae9b8,unknown,ee,graphql_field,/api/graphql,False,lib/gitlab/diff/char_diff.rb,50,ERB::Util,text,erb,html_escape,0,"param(str,0)",size,1,2,118,9cfc39017e700a28649858f6a902117f9d5e8edd,e7bd62c519b9ee42297201ac38dcbcb3d1ff6af6f45165aeb69751e5ceea812c,local
220,ep_327ecab826dff497e82dacea,unknown,ee,graphql_field,/api/graphql,False,ee/lib/artifact_registry/time_coercion.rb,12,DateTime,value,date,iso8601,0,literal,index,0,1,68,9cfc39017e700a28649858f6a902117f9d5e8edd,e6b461207a4e3db6d8d5b30495903e3b5c70bfb2e9822f446d1b4c3e9fe247e9,local
221,ep_327ecab826dff497e82dacea,unknown,ee,graphql_field,/api/graphql,False,ee/lib/artifact_registry/time_coercion.rb,12,DateTime,value,date,iso8601,0,literal,index,0,1,69,9cfc39017e700a28649858f6a902117f9d5e8edd,e6b461207a4e3db6d8d5b30495903e3b5c70bfb2e9822f446d1b4c3e9fe247e9,local
227,ep_d783f6e68b9efdc67b65642e,unknown,ee,graphql_field,/api/graphql,False,app/helpers/safe_format_helper.rb,29,ERB::Util,value,erb,html_escape,0,"param(str,0)",size,1,3,118,9cfc39017e700a28649858f6a902117f9d5e8edd,9b9bb532eb64dff3746b1fdc8312725630f4c2800aecc127f423f68862f71a68,local
228,ep_eff95115427af2103385a1e4,unknown,ee,graphql_field,/api/graphql,False,lib/gitlab/diff/char_diff.rb,50,ERB::Util,text,erb,html_escape,0,"param(str,0)",size,1,2,118,9cfc39017e700a28649858f6a902117f9d5e8edd,e7bd62c519b9ee42297201ac38dcbcb3d1ff6af6f45165aeb69751e5ceea812c,local
229,ep_929cd557345fd3e7d96cb2d6,unknown,ee,graphql_field,/api/graphql,False,app/helpers/safe_format_helper.rb,29,ERB::Util,value,erb,html_escape,0,"param(str,0)",size,1,3,118,9cfc39017e700a28649858f6a902117f9d5e8edd,9b9bb532eb64dff3746b1fdc8312725630f4c2800aecc127f423f68862f71a68,local
244,ep_fc0f389520c2ffc18a8d20f1,unknown,ee,rails_action,/*namespace_id/:project_id/-/google_cloud/configuration,False,lib/google_api/cloud_platform/client.rb,174,DateTime,expires_at,date,strptime,0,literal,index,0,3,82,9cfc39017e700a28649858f6a902117f9d5e8edd,c3b98f68f1ff68800992f5361f9d4097c9b83a084cb6a8697961808d568ad80a,local
245,ep_fc0f389520c2ffc18a8d20f1,unknown,ee,rails_action,/*namespace_id/:project_id/-/google_cloud/configuration,False,lib/google_api/cloud_platform/client.rb,174,DateTime,expires_at,date,strptime,0,literal,index,0,3,83,9cfc39017e700a28649858f6a902117f9d5e8edd,c3b98f68f1ff68800992f5361f9d4097c9b83a084cb6a8697961808d568ad80a,local
246,ep_63a7d680ee2c7342929b5c83,unknown,ee,rails_action,/*namespace_id/:project_id/-/google_cloud/deployments/cloud_run,False,app/helpers/safe_format_helper.rb,29,ERB::Util,value,erb,html_escape,0,"param(str,0)",size,1,1,118,9cfc39017e700a28649858f6a902117f9d5e8edd,9b9bb532eb64dff3746b1fdc8312725630f4c2800aecc127f423f68862f71a68,local
247,ep_3f204740129ed50176afe676,unknown,ee,rails_action,/*namespace_id/:project_id/-/google_cloud/service_accounts,False,app/helpers/safe_format_helper.rb,29,ERB::Util,value,erb,html_escape,0,"param(str,0)",size,1,1,118,9cfc39017e700a28649858f6a902117f9d5e8edd,9b9bb532eb64dff3746b1fdc8312725630f4c2800aecc127f423f68862f71a68,local
248,ep_8bd0ef63a702a49ec28c803b,unknown,ee,rails_action,/*namespace_id/:project_id/-/google_cloud/service_accounts,False,app/helpers/safe_format_helper.rb,29,ERB::Util,value,erb,html_escape,0,"param(str,0)",size,1,1,118,9cfc39017e700a28649858f6a902117f9d5e8edd,9b9bb532eb64dff3746b1fdc8312725630f4c2800aecc127f423f68862f71a68,local
255,ep_3a4e03714ab2e2e21c973030,unknown,ee,rails_action,/*namespace_id/:project_id/-/pipeline_schedules/:id/play,False,app/helpers/safe_format_helper.rb,29,ERB::Util,value,erb,html_escape,0,"param(str,0)",size,1,1,118,9cfc39017e700a28649858f6a902117f9d5e8edd,9b9bb532eb64dff3746b1fdc8312725630f4c2800aecc127f423f68862f71a68,local
278,ep_c7c27afc4c3c054d049cab66,unknown,ee,rails_action,/-/profile/designated-beneficiaries,False,app/helpers/safe_format_helper.rb,29,ERB::Util,value,erb,html_escape,0,"param(str,0)",size,1,2,118,9cfc39017e700a28649858f6a902117f9d5e8edd,9b9bb532eb64dff3746b1fdc8312725630f4c2800aecc127f423f68862f71a68,local
279,ep_4e93df3aa3d00b9c0a85f266,unknown,ee,rails_action,/-/profile/designated-beneficiaries/:id,False,app/helpers/safe_format_helper.rb,29,ERB::Util,value,erb,html_escape,0,"param(str,0)",size,1,2,118,9cfc39017e700a28649858f6a902117f9d5e8edd,9b9bb532eb64dff3746b1fdc8312725630f4c2800aecc127f423f68862f71a68,local
280,ep_465f80d35f1e3bc62d71dcce,unknown,ee,rails_action,/-/profile/emails/:id/resend_confirmation_instructions,False,app/helpers/safe_format_helper.rb,29,ERB::Util,value,erb,html_escape,0,"param(str,0)",size,1,1,118,9cfc39017e700a28649858f6a902117f9d5e8edd,9b9bb532eb64dff3746b1fdc8312725630f4c2800aecc127f423f68862f71a68,local
282,ep_ad9e0fa65702c11bc3c0afa1,unknown,ee,rails_action,/-/profile/two_factor_auth,False,app/controllers/profiles/two_factor_auths_controller.rb,182,Nokogiri::XML::Node,doc,nokogiri,new,1,literal,format,0,2,273,9cfc39017e700a28649858f6a902117f9d5e8edd,dcbd9426c651a9a650846bc61fd616695c0fe37edcd9dec8e607cd1b5b93be0b,local
283,ep_ad9e0fa65702c11bc3c0afa1,unknown,ee,rails_action,/-/profile/two_factor_auth,False,app/controllers/profiles/two_factor_auths_controller.rb,182,Nokogiri::XML::Node,doc,nokogiri,new,1,literal,format,1,2,274,9cfc39017e700a28649858f6a902117f9d5e8edd,dcbd9426c651a9a650846bc61fd616695c0fe37edcd9dec8e607cd1b5b93be0b,local
284,ep_cd0adf13df537e8fd9aa413c,unknown,ee,rails_action,/-/profile/two_factor_auth,False,app/controllers/profiles/two_factor_auths_controller.rb,182,Nokogiri::XML::Node,doc,nokogiri,new,1,literal,format,0,2,273,9cfc39017e700a28649858f6a902117f9d5e8edd,dcbd9426c651a9a650846bc61fd616695c0fe37edcd9dec8e607cd1b5b93be0b,local
285,ep_cd0adf13df537e8fd9aa413c,unknown,ee,rails_action,/-/profile/two_factor_auth,False,app/controllers/profiles/two_factor_auths_controller.rb,182,Nokogiri::XML::Node,doc,nokogiri,new,1,literal,format,1,2,274,9cfc39017e700a28649858f6a902117f9d5e8edd,dcbd9426c651a9a650846bc61fd616695c0fe37edcd9dec8e607cd1b5b93be0b,local
286,ep_ecc7b661170280cba42e2409,unknown,ee,rails_action,/-/profile/two_factor_auth/create_webauthn,False,app/controllers/profiles/two_factor_auths_controller.rb,182,Nokogiri::XML::Node,doc,nokogiri,new,1,literal,format,0,1,273,9cfc39017e700a28649858f6a902117f9d5e8edd,dcbd9426c651a9a650846bc61fd616695c0fe37edcd9dec8e607cd1b5b93be0b,local
287,ep_ecc7b661170280cba42e2409,unknown,ee,rails_action,/-/profile/two_factor_auth/create_webauthn,False,app/controllers/profiles/two_factor_auths_controller.rb,182,Nokogiri::XML::Node,doc,nokogiri,new,1,literal,format,1,1,274,9cfc39017e700a28649858f6a902117f9d5e8edd,dcbd9426c651a9a650846bc61fd616695c0fe37edcd9dec8e607cd1b5b93be0b,local
291,ep_0dbbb14e5f3373d88fd3f882,unknown,ee,rails_action,/-/user_settings/integration_accounts,False,app/helpers/safe_format_helper.rb,29,ERB::Util,value,erb,html_escape,0,"param(str,0)",size,1,1,118,9cfc39017e700a28649858f6a902117f9d5e8edd,9b9bb532eb64dff3746b1fdc8312725630f4c2800aecc127f423f68862f71a68,local
294,ep_818fec9f81ee896144474dc6,unknown,ee,rails_action,/:username,False,app/helpers/safe_format_helper.rb,29,ERB::Util,value,erb,html_escape,0,"param(str,0)",size,1,1,118,9cfc39017e700a28649858f6a902117f9d5e8edd,9b9bb532eb64dff3746b1fdc8312725630f4c2800aecc127f423f68862f71a68,local
300,ep_783b9d34d7d618c75f37519a,unknown,ee,rails_action,/groups/*group_id/-/contribution_analytics,False,ee/app/controllers/groups/contribution_analytics_controller.rb,64,Date,value,date,parse,0,literal,index,0,2,72,9cfc39017e700a28649858f6a902117f9d5e8edd,a22febeba177645f248c23cbd1cd70c7fe7c855a7b4a602ec7d7fcc4bfbedd62,local
301,ep_783b9d34d7d618c75f37519a,unknown,ee,rails_action,/groups/*group_id/-/contribution_analytics,False,ee/app/controllers/groups/contribution_analytics_controller.rb,64,Date,value,date,parse,0,literal,index,0,2,73,9cfc39017e700a28649858f6a902117f9d5e8edd,a22febeba177645f248c23cbd1cd70c7fe7c855a7b4a602ec7d7fcc4bfbedd62,local
302,ep_c8224eb012a7e2312ed72756,unknown,ee,rails_action,/groups/*group_id/-/epics/:id/descriptions/:version_id/diff,False,lib/gitlab/diff/char_diff.rb,50,ERB::Util,text,erb,html_escape,0,"param(str,0)",size,1,1,118,9cfc39017e700a28649858f6a902117f9d5e8edd,e7bd62c519b9ee42297201ac38dcbcb3d1ff6af6f45165aeb69751e5ceea812c,local
303,ep_4047c90ff613f79f7bbd62f0,unknown,ee,rails_action,/groups/*group_id/-/saml/update_microsoft_application,False,app/helpers/safe_format_helper.rb,29,ERB::Util,value,erb,html_escape,0,"param(str,0)",size,1,1,118,9cfc39017e700a28649858f6a902117f9d5e8edd,9b9bb532eb64dff3746b1fdc8312725630f4c2800aecc127f423f68862f71a68,local
305,ep_bdfe2e50517477eeddabc3ba,unknown,ee,rails_action,/groups/*group_id/-/wikis/*id,False,app/helpers/safe_format_helper.rb,29,ERB::Util,value,erb,html_escape,0,"param(str,0)",size,1,2,118,9cfc39017e700a28649858f6a902117f9d5e8edd,9b9bb532eb64dff3746b1fdc8312725630f4c2800aecc127f423f68862f71a68,local
306,ep_0c186762a51387d24187fc18,unknown,ee,rails_action,/groups/*group_id/-/work_items/:iid/descriptions/:version_id/diff,False,lib/gitlab/diff/char_diff.rb,50,ERB::Util,text,erb,html_escape,0,"param(str,0)",size,1,1,118,9cfc39017e700a28649858f6a902117f9d5e8edd,e7bd62c519b9ee42297201ac38dcbcb3d1ff6af6f45165aeb69751e5ceea812c,local
323,ep_9d4505702c391006724344bc,unknown,ee,rails_action,/o/:organization_path/*namespace_id/:project_id/-/google_cloud/configuration,False,lib/google_api/cloud_platform/client.rb,174,DateTime,expires_at,date,strptime,0,literal,index,0,3,82,9cfc39017e700a28649858f6a902117f9d5e8edd,c3b98f68f1ff68800992f5361f9d4097c9b83a084cb6a8697961808d568ad80a,local
324,ep_9d4505702c391006724344bc,unknown,ee,rails_action,/o/:organization_path/*namespace_id/:project_id/-/google_cloud/configuration,False,lib/google_api/cloud_platform/client.rb,174,DateTime,expires_at,date,strptime,0,literal,index,0,3,83,9cfc39017e700a28649858f6a902117f9d5e8edd,c3b98f68f1ff68800992f5361f9d4097c9b83a084cb6a8697961808d568ad80a,local
325,ep_0433c279b76e6f40207446ab,unknown,ee,rails_action,/o/:organization_path/*namespace_id/:project_id/-/google_cloud/deployments/cloud_run,False,app/helpers/safe_format_helper.rb,29,ERB::Util,value,erb,html_escape,0,"param(str,0)",size,1,1,118,9cfc39017e700a28649858f6a902117f9d5e8edd,9b9bb532eb64dff3746b1fdc8312725630f4c2800aecc127f423f68862f71a68,local
326,ep_4c4b91c13c50cdd020f5dfda,unknown,ee,rails_action,/o/:organization_path/*namespace_id/:project_id/-/google_cloud/service_accounts,False,app/helpers/safe_format_helper.rb,29,ERB::Util,value,erb,html_escape,0,"param(str,0)",size,1,1,118,9cfc39017e700a28649858f6a902117f9d5e8edd,9b9bb532eb64dff3746b1fdc8312725630f4c2800aecc127f423f68862f71a68,local
327,ep_e0489168a9243190a9fdb4c3,unknown,ee,rails_action,/o/:organization_path/*namespace_id/:project_id/-/google_cloud/service_accounts,False,app/helpers/safe_format_helper.rb,29,ERB::Util,value,erb,html_escape,0,"param(str,0)",size,1,1,118,9cfc39017e700a28649858f6a902117f9d5e8edd,9b9bb532eb64dff3746b1fdc8312725630f4c2800aecc127f423f68862f71a68,local
334,ep_5af59e18212a84531fdd6d85,unknown,ee,rails_action,/o/:organization_path/*namespace_id/:project_id/-/pipeline_schedules/:id/play,False,app/helpers/safe_format_helper.rb,29,ERB::Util,value,erb,html_escape,0,"param(str,0)",size,1,1,118,9cfc39017e700a28649858f6a902117f9d5e8edd,9b9bb532eb64dff3746b1fdc8312725630f4c2800aecc127f423f68862f71a68,local
357,ep_52d645fd240be377dad6dce5,unknown,ee,rails_action,/o/:organization_path/-/profile/designated-beneficiaries,False,app/helpers/safe_format_helper.rb,29,ERB::Util,value,erb,html_escape,0,"param(str,0)",size,1,2,118,9cfc39017e700a28649858f6a902117f9d5e8edd,9b9bb532eb64dff3746b1fdc8312725630f4c2800aecc127f423f68862f71a68,local
358,ep_177825476671bfeac06519fe,unknown,ee,rails_action,/o/:organization_path/-/profile/designated-beneficiaries/:id,False,app/helpers/safe_format_helper.rb,29,ERB::Util,value,erb,html_escape,0,"param(str,0)",size,1,2,118,9cfc39017e700a28649858f6a902117f9d5e8edd,9b9bb532eb64dff3746b1fdc8312725630f4c2800aecc127f423f68862f71a68,local
359,ep_14154e7a5f518c72226954f9,unknown,ee,rails_action,/o/:organization_path/-/profile/emails/:id/resend_confirmation_instructions,False,app/helpers/safe_format_helper.rb,29,ERB::Util,value,erb,html_escape,0,"param(str,0)",size,1,1,118,9cfc39017e700a28649858f6a902117f9d5e8edd,9b9bb532eb64dff3746b1fdc8312725630f4c2800aecc127f423f68862f71a68,local
361,ep_0b5a3736fe90328a80024e65,unknown,ee,rails_action,/o/:organization_path/-/profile/two_factor_auth,False,app/controllers/profiles/two_factor_auths_controller.rb,182,Nokogiri::XML::Node,doc,nokogiri,new,1,literal,format,0,2,273,9cfc39017e700a28649858f6a902117f9d5e8edd,dcbd9426c651a9a650846bc61fd616695c0fe37edcd9dec8e607cd1b5b93be0b,local
362,ep_0b5a3736fe90328a80024e65,unknown,ee,rails_action,/o/:organization_path/-/profile/two_factor_auth,False,app/controllers/profiles/two_factor_auths_controller.rb,182,Nokogiri::XML::Node,doc,nokogiri,new,1,literal,format,1,2,274,9cfc39017e700a28649858f6a902117f9d5e8edd,dcbd9426c651a9a650846bc61fd616695c0fe37edcd9dec8e607cd1b5b93be0b,local
363,ep_d1b2798cddeb364a3654a65d,unknown,ee,rails_action,/o/:organization_path/-/profile/two_factor_auth,False,app/controllers/profiles/two_factor_auths_controller.rb,182,Nokogiri::XML::Node,doc,nokogiri,new,1,literal,format,0,2,273,9cfc39017e700a28649858f6a902117f9d5e8edd,dcbd9426c651a9a650846bc61fd616695c0fe37edcd9dec8e607cd1b5b93be0b,local
364,ep_d1b2798cddeb364a3654a65d,unknown,ee,rails_action,/o/:organization_path/-/profile/two_factor_auth,False,app/controllers/profiles/two_factor_auths_controller.rb,182,Nokogiri::XML::Node,doc,nokogiri,new,1,literal,format,1,2,274,9cfc39017e700a28649858f6a902117f9d5e8edd,dcbd9426c651a9a650846bc61fd616695c0fe37edcd9dec8e607cd1b5b93be0b,local
365,ep_029387acb1dd2874528d9edc,unknown,ee,rails_action,/o/:organization_path/-/profile/two_factor_auth/create_webauthn,False,app/controllers/profiles/two_factor_auths_controller.rb,182,Nokogiri::XML::Node,doc,nokogiri,new,1,literal,format,0,1,273,9cfc39017e700a28649858f6a902117f9d5e8edd,dcbd9426c651a9a650846bc61fd616695c0fe37edcd9dec8e607cd1b5b93be0b,local
366,ep_029387acb1dd2874528d9edc,unknown,ee,rails_action,/o/:organization_path/-/profile/two_factor_auth/create_webauthn,False,app/controllers/profiles/two_factor_auths_controller.rb,182,Nokogiri::XML::Node,doc,nokogiri,new,1,literal,format,1,1,274,9cfc39017e700a28649858f6a902117f9d5e8edd,dcbd9426c651a9a650846bc61fd616695c0fe37edcd9dec8e607cd1b5b93be0b,local
370,ep_ea9ac81ced885358e5ff07e4,unknown,ee,rails_action,/o/:organization_path/-/user_settings/integration_accounts,False,app/helpers/safe_format_helper.rb,29,ERB::Util,value,erb,html_escape,0,"param(str,0)",size,1,1,118,9cfc39017e700a28649858f6a902117f9d5e8edd,9b9bb532eb64dff3746b1fdc8312725630f4c2800aecc127f423f68862f71a68,local
373,ep_0224c5c15a2825e40592c18b,unknown,ee,rails_action,/o/:organization_path/:username,False,app/helpers/safe_format_helper.rb,29,ERB::Util,value,erb,html_escape,0,"param(str,0)",size,1,1,118,9cfc39017e700a28649858f6a902117f9d5e8edd,9b9bb532eb64dff3746b1fdc8312725630f4c2800aecc127f423f68862f71a68,local
378,ep_bdab44348a93958fb961982e,unknown,ee,rails_action,/o/:organization_path/groups/*group_id/-/contribution_analytics,False,ee/app/controllers/groups/contribution_analytics_controller.rb,64,Date,value,date,parse,0,literal,index,0,2,72,9cfc39017e700a28649858f6a902117f9d5e8edd,a22febeba177645f248c23cbd1cd70c7fe7c855a7b4a602ec7d7fcc4bfbedd62,local
379,ep_bdab44348a93958fb961982e,unknown,ee,rails_action,/o/:organization_path/groups/*group_id/-/contribution_analytics,False,ee/app/controllers/groups/contribution_analytics_controller.rb,64,Date,value,date,parse,0,literal,index,0,2,73,9cfc39017e700a28649858f6a902117f9d5e8edd,a22febeba177645f248c23cbd1cd70c7fe7c855a7b4a602ec7d7fcc4bfbedd62,local
380,ep_58296719a13e8c9effa8f6b4,unknown,ee,rails_action,/o/:organization_path/groups/*group_id/-/epics/:id/descriptions/:version_id/diff,False,lib/gitlab/diff/char_diff.rb,50,ERB::Util,text,erb,html_escape,0,"param(str,0)",size,1,1,118,9cfc39017e700a28649858f6a902117f9d5e8edd,e7bd62c519b9ee42297201ac38dcbcb3d1ff6af6f45165aeb69751e5ceea812c,local
381,ep_7d89edc225a4a42d712565c1,unknown,ee,rails_action,/o/:organization_path/groups/*group_id/-/saml/update_microsoft_application,False,app/helpers/safe_format_helper.rb,29,ERB::Util,value,erb,html_escape,0,"param(str,0)",size,1,1,118,9cfc39017e700a28649858f6a902117f9d5e8edd,9b9bb532eb64dff3746b1fdc8312725630f4c2800aecc127f423f68862f71a68,local
383,ep_51cee87917f9409bcb2ef66e,unknown,ee,rails_action,/o/:organization_path/groups/*group_id/-/wikis/*id,False,app/helpers/safe_format_helper.rb,29,ERB::Util,value,erb,html_escape,0,"param(str,0)",size,1,2,118,9cfc39017e700a28649858f6a902117f9d5e8edd,9b9bb532eb64dff3746b1fdc8312725630f4c2800aecc127f423f68862f71a68,local
384,ep_31b1edcbac222b9e20ae0f05,unknown,ee,rails_action,/o/:organization_path/groups/*group_id/-/work_items/:iid/descriptions/:version_id/diff,False,lib/gitlab/diff/char_diff.rb,50,ERB::Util,text,erb,html_escape,0,"param(str,0)",size,1,1,118,9cfc39017e700a28649858f6a902117f9d5e8edd,e7bd62c519b9ee42297201ac38dcbcb3d1ff6af6f45165aeb69751e5ceea812c,local
391,ep_192347711ede9e34a9968e1c,unknown,ee,rails_action,/o/:organization_path/search,False,app/helpers/safe_format_helper.rb,29,ERB::Util,value,erb,html_escape,0,"param(str,0)",size,1,2,118,9cfc39017e700a28649858f6a902117f9d5e8edd,9b9bb532eb64dff3746b1fdc8312725630f4c2800aecc127f423f68862f71a68,local
393,ep_7b1d006d225e519bec292323,unknown,ee,rails_action,/search,False,app/helpers/safe_format_helper.rb,29,ERB::Util,value,erb,html_escape,0,"param(str,0)",size,1,2,118,9cfc39017e700a28649858f6a902117f9d5e8edd,9b9bb532eb64dff3746b1fdc8312725630f4c2800aecc127f423f68862f71a68,local
