gem,ruby_method,argument_index,slot,argument_table_line
amatch,pair_distance_similar,0,index,2
amatch,pair_distance_similar,1,index,3
bigdecimal,_decimal_shift,0,index,16
bigdecimal,_decimal_shift,0,index,17
bigdecimal,coerce,0,format,19
bigdecimal,div,0,format,20
bigdecimal,modulo,0,format,25
bigdecimal,mult,0,format,26
bigdecimal,quo,0,format,27
bigdecimal,remainder,0,format,28
bigdecimal,vpdivd,0,format,32
bigdecimal,vpmult,0,format,33
cbor,initialize,0,format,34
cbor,initialize,0,format,35
cbor,initialize,1,format,36
cgi,escapeHTML,0,size,37
date,_valid_civil?,0,index,38
date,_valid_civil?,1,index,39
date,_valid_civil?,2,index,40
date,_valid_civil?,3,index,41
date,_valid_commercial?,0,index,42
date,_valid_commercial?,1,index,43
date,_valid_commercial?,2,index,44
date,_valid_commercial?,3,index,45
date,_valid_date?,0,index,46
date,_valid_date?,1,index,47
date,_valid_date?,2,index,48
date,_valid_date?,3,index,49
date,_valid_jd?,0,index,50
date,_valid_jd?,1,index,51
date,_valid_nth_kday?,0,index,52
date,_valid_nth_kday?,1,index,53
date,_valid_nth_kday?,2,index,54
date,_valid_nth_kday?,3,index,55
date,_valid_nth_kday?,4,index,56
date,_valid_ordinal?,0,index,57
date,_valid_ordinal?,1,index,58
date,_valid_ordinal?,2,index,59
date,_valid_weeknum?,0,index,60
date,_valid_weeknum?,1,index,61
date,_valid_weeknum?,2,index,62
date,_valid_weeknum?,3,index,63
date,_valid_weeknum?,4,index,64
date,httpdate,0,index,66
date,httpdate,0,index,67
date,jisx0301,0,index,70
date,jisx0301,0,index,71
date,rfc2822,0,index,76
date,rfc2822,0,index,77
date,rfc3339,0,index,78
date,rfc3339,0,index,79
date,rfc822,0,index,80
date,rfc822,0,index,81
date,valid_civil?,0,index,86
date,valid_civil?,1,index,87
date,valid_civil?,2,index,88
date,valid_civil?,3,index,89
date,valid_commercial?,0,index,90
date,valid_commercial?,1,index,91
date,valid_commercial?,2,index,92
date,valid_commercial?,3,index,93
date,valid_date?,0,index,94
date,valid_date?,1,index,95
date,valid_date?,2,index,96
date,valid_date?,3,index,97
date,valid_jd?,0,index,98
date,valid_jd?,1,index,99
date,valid_nth_kday?,0,index,100
date,valid_nth_kday?,1,index,101
date,valid_nth_kday?,2,index,102
date,valid_nth_kday?,3,index,103
date,valid_nth_kday?,4,index,104
date,valid_ordinal?,0,index,105
date,valid_ordinal?,1,index,106
date,valid_ordinal?,2,index,107
date,valid_weeknum?,0,index,108
date,valid_weeknum?,1,index,109
date,valid_weeknum?,2,index,110
date,valid_weeknum?,3,index,111
date,valid_weeknum?,4,index,112
date,xmlschema,0,index,113
date,xmlschema,0,index,114
ed25519,sign,1,size,115
ffi,__copy_from__,0,length,120
ffi,__copy_from__,1,length,121
ffi,initialize,0,format,123
ffi,initialize,0,format,124
ffi,initialize,0,index,125
ffi,initialize,1,index,126
ffi,initialize,2,format,127
ffi,initialize,2,format,128
ffi,initialize,3,index,129
ffi,layout=,0,format,130
ffi,pointer=,0,format,132
ffi,put,0,format,133
ffi,put,1,index,134
ffi,put,1,format,135
ffi,put,1,format,136
ffi,put_bytes,1,length,137
ffi,put_string,1,length,138
google-protobuf,initialize,0,format,200
google-protobuf,method_missing,1,length,201
google-protobuf,method_missing,1,format,202
google-protobuf,method_missing,1,format,203
google-protobuf,method_missing,1,format,204
google-protobuf,method_missing,1,format,205
google-protobuf,method_missing,1,format,206
google-protobuf,method_missing,1,format,207
google-protobuf,method_missing,1,format,208
google-protobuf,method_missing,1,format,209
google-protobuf,method_missing,1,format,210
gpgme,gpgme_op_encrypt,1,size,221
gpgme,gpgme_op_encrypt_sign,1,size,222
gpgme,gpgme_op_encrypt_sign_start,1,size,223
gpgme,gpgme_op_encrypt_start,1,size,224
gpgme,gpgme_op_export_keys,1,size,225
gpgme,gpgme_op_export_keys_start,1,size,226
gpgme,gpgme_op_import_keys,1,size,227
gpgme,gpgme_op_import_keys_start,1,size,228
grpc,add_http2_port,0,format,229
grpc,add_http2_port,0,format,230
grpc,create_call,4,format,231
grpc,create_call,4,format,232
grpc,create_call,4,format,233
grpc,initialize,1,format,234
grpc,initialize,2,format,235
grpc,metadata=,0,format,236
grpc,shutdown_and_notify,0,format,237
grpc,shutdown_and_notify,0,format,238
grpc,shutdown_and_notify,0,format,239
grpc,trailing_metadata=,0,format,241
grpc,watch_connectivity_state,1,format,242
grpc,watch_connectivity_state,1,format,243
grpc,watch_connectivity_state,1,format,244
grpc,write_flag=,0,format,245
io-console,erase_line,0,format,246
io-console,erase_screen,0,format,247
io-console,goto,0,format,248
io-console,goto,1,format,249
io-console,goto_column,0,format,250
io-console,pressed?,0,format,251
msgpack,initialize,0,format,252
msgpack,initialize,1,format,253
msgpack,register_type_internal,1,format,254
msgpack,unpacker,1,format,255
nio4r,interests=,0,format,256
nokogiri,add_child_node,0,format,257
nokogiri,add_next_sibling_node,0,format,258
nokogiri,add_previous_sibling_node,0,format,259
nokogiri,from_document,0,format,260
nokogiri,from_document,0,format,261
nokogiri,from_io,0,index,262
nokogiri,from_io,1,index,263
nokogiri,from_io,2,index,264
nokogiri,from_memory,0,index,265
nokogiri,from_memory,1,index,266
nokogiri,from_memory,2,index,267
nokogiri,initialize_copy_with_args,0,format,268
nokogiri,initialize_copy_with_args,2,format,269
nokogiri,native_new,0,format,270
nokogiri,parse_stylesheet_doc,0,format,275
nokogiri,replace_node,0,format,276
nokogiri,root=,0,format,277
nokogiri,validate_document,0,format,281
oj,pretty_unparse,1,index,285
oj,to_file,1,format,286
oj,to_file,1,format,287
openssl,decrypt,1,length,288
openssl,decrypt,1,length,289
openssl,decrypt,1,index,290
openssl,encrypt,1,length,291
openssl,encrypt,1,length,292
openssl,encrypt,1,index,293
openssl,generate_parameters,1,index,295
openssl,sign,2,index,296
openssl,sign_raw,2,index,297
openssl,verify_raw,3,index,299
openssl,verify_recover,2,index,300
pg,build_column_map,0,format,301
pg,elements_type=,0,format,302
pg,field_name_type=,0,format,303
pg,field_name_type=,0,format,304
pg,fnumber,0,format,305
pg,type_map=,0,format,306
pg,type_map=,0,format,307
pg_query,deparse_protobuf_opts,2,size,308
prism,constant?,0,format,309
prism,lex,0,format,311
prism,local?,0,format,312
prism,method_name?,0,format,313
prism,parse_comments,0,format,315
prism,parse_failure?,0,format,316
prism,parse_lex,0,format,317
prism,parse_success?,0,format,318
psych,_native_parse,0,index,320
psych,_native_parse,0,index,321
psych,_native_parse,0,index,322
psych,_native_parse,0,index,323
psych,_native_parse,0,index,324
psych,_native_parse,0,index,325
psych,_native_parse,0,index,326
psych,_native_parse,0,index,327
rbs,_parse_method_type,3,format,328
rbs,_parse_type,3,format,329
rugged,add_all,0,index,331
rugged,from_io,1,index,335
rugged,reset_path,0,index,337
stringio,pread,0,format,339
stringio,pread,1,format,340
stringio,pread,2,length,341
stringio,read_nonblock,1,length,343
thrift,read_into_buffer,0,index,344
zlib,add_dictionary,0,format,346
zlib,gzip,0,index,348
zlib,inflate,0,index,349
zlib,readpartial,1,length,353
zlib,readpartial,1,length,354
