gem,version,file,reason
gpgme,2.0.26,ports/archives/gpgme-2.0.0.tar.bz2,nested archive not expanded
gpgme,2.0.26,ports/archives/libassuan-3.0.2.tar.bz2,nested archive not expanded
gpgme,2.0.26,ports/archives/libgpg-error-1.55.tar.bz2,nested archive not expanded
mini_portile2,2.8.9,test/assets/test-cmake-1.0/hello.c,outside extension/associated source scope
mini_portile2,2.8.9,test/assets/test-download-archive.tar.gz,nested archive not expanded
nokogiri,1.19.4,ports/archives/libxml2-2.13.9.tar.xz,nested archive not expanded
nokogiri,1.19.4,ports/archives/libxslt-1.1.43.tar.xz,nested archive not expanded
rake,13.4.2,doc/example/a.c,outside extension/associated source scope
rake,13.4.2,doc/example/b.c,outside extension/associated source scope
rake,13.4.2,doc/example/main.c,outside extension/associated source scope
rake-compiler-dock,1.12.0,build/sigfw.c,outside extension/associated source scope
rake-compiler-dock,1.12.0,test/rcd_test/ext/mri/rcd_test_ext.c,outside extension/associated source scope
rake-compiler-dock,1.12.0,test/rcd_test/ext/mri/rcd_test_ext.h,outside extension/associated source scope
rbtrace,0.5.5,ext/src/msgpack-1.1.0.tar.gz,nested archive not expanded
re2,2.27.0,ports/archives/20260107.1.tar.gz,nested archive not expanded
re2,2.27.0,ports/archives/re2-2025-11-05.tar.gz,nested archive not expanded
ruby-magic,0.6.0,ports/archives/file-5.44.tar.gz,nested archive not expanded
safe_zip,0.1.0,spec/fixtures/safe_zip/valid-simple.zip,nested archive not expanded
safe_zip,0.1.0,spec/fixtures/safe_zip/invalid-symlinks-outside.zip,nested archive not expanded
safe_zip,0.1.0,spec/fixtures/safe_zip/invalid-unexpected-large.zip,nested archive not expanded
safe_zip,0.1.0,spec/fixtures/safe_zip/valid-non-writeable.zip,nested archive not expanded
safe_zip,0.1.0,spec/fixtures/safe_zip/valid-symlinks-first.zip,nested archive not expanded
safe_zip,0.1.0,spec/fixtures/safe_zip/invalid-symlink-does-not-exist.zip,nested archive not expanded
