gem,version,file,sha256,line,callee,reason,snippet
RedCloth,4.3.4,ext/redcloth_scan/redcloth.h,ab50c713e2a08b00b81dc9579edaa2e9d7e8da8976f950ce1f4dd1bd1c1edb59,18,strlen,unexpanded macro replacement tokens,"strlen(p),rb_enc_from_index(ENCODING_GET(self))) // For Ruby 1.8 #else #define STR_NEW(p,n) rb_str_"
RedCloth,4.3.4,ext/redcloth_scan/redcloth.h,ab50c713e2a08b00b81dc9579edaa2e9d7e8da8976f950ce1f4dd1bd1c1edb59,173,sprintf,unexpanded macro replacement tokens,"sprintf(listm, ""%s_open"", list_type); \ if (!NIL_P(rb_hash_aref(regs, ID2SYM(rb_intern(""list_c"
RedCloth,4.3.4,ext/redcloth_scan/redcloth.h,ab50c713e2a08b00b81dc9579edaa2e9d7e8da8976f950ce1f4dd1bd1c1edb59,214,sprintf,unexpanded macro replacement tokens,"sprintf(listm, ""%s_close"", RSTRING_PTR(end_list)); \ LIST_ITEM_CLOSE(); \ rb_str_app"
amatch,0.4.2,ext/amatch_ext.c,789a71b9966da018a5e19457fad1077639b8bf77e1e35854e939230779e0a190,20,ALLOC,unexpanded macro replacement tokens,"ALLOC(type); \ MEMZERO(obj, type, 1);"
amatch,0.4.2,ext/amatch_ext.c,789a71b9966da018a5e19457fad1077639b8bf77e1e35854e939230779e0a190,42,xfree,unexpanded macro replacement tokens,"xfree(amatch->pattern); \ MEMZERO(amatch, type, 1);"
amatch,0.4.2,ext/amatch_ext.c,789a71b9966da018a5e19457fad1077639b8bf77e1e35854e939230779e0a190,44,xfree,unexpanded macro replacement tokens,xfree(amatch); \ } #define DEF_PATTERN_ACCESSOR(type)
amatch,0.4.2,ext/amatch_ext.c,789a71b9966da018a5e19457fad1077639b8bf77e1e35854e939230779e0a190,51,xfree,unexpanded macro replacement tokens,xfree(amatch->pattern); \ amatch->pattern_len = (int) RSTRIN
amatch,0.4.2,ext/amatch_ext.c,789a71b9966da018a5e19457fad1077639b8bf77e1e35854e939230779e0a190,53,ALLOC_N,unexpanded macro replacement tokens,"ALLOC_N(char, amatch->pattern_len); \ MEMCPY(amatch->pattern, RSTRING_PTR(pattern), char,"
amatch,0.4.2,ext/amatch_ext.c,789a71b9966da018a5e19457fad1077639b8bf77e1e35854e939230779e0a190,83,rb_raise,unexpanded macro replacement tokens,"rb_raise(rb_eTypeError, \ ""array has to contain only"
amatch,0.4.2,ext/amatch_ext.c,789a71b9966da018a5e19457fad1077639b8bf77e1e35854e939230779e0a190,110,rb_raise,unexpanded macro replacement tokens,"rb_raise(rb_eTypeError, ""check of value "" #check "" failed""); \ amatch->name = value_ ## vtype"
amatch,0.4.2,ext/amatch_ext.c,789a71b9966da018a5e19457fad1077639b8bf77e1e35854e939230779e0a190,667,ALLOC_N,unexpanded macro replacement tokens,"ALLOC_N(int, b_len + 1); \ l[1] = ALLOC_N(int, b_len + 1);"
amatch,0.4.2,ext/amatch_ext.c,789a71b9966da018a5e19457fad1077639b8bf77e1e35854e939230779e0a190,668,ALLOC_N,unexpanded macro replacement tokens,"ALLOC_N(int, b_len + 1); \ for (i = a_len, c = 0, p = 1; i >= 0; i--) {"
amatch,0.4.2,ext/amatch_ext.c,789a71b9966da018a5e19457fad1077639b8bf77e1e35854e939230779e0a190,684,xfree,unexpanded macro replacement tokens,xfree(l[0]); \ xfree(l[1]); static VALUE LongestSu
amatch,0.4.2,ext/amatch_ext.c,789a71b9966da018a5e19457fad1077639b8bf77e1e35854e939230779e0a190,685,xfree,unexpanded macro replacement tokens,"xfree(l[1]); static VALUE LongestSubsequence_match(General *amatch, VALUE string) { char *a_pt"
amatch,0.4.2,ext/amatch_ext.c,789a71b9966da018a5e19457fad1077639b8bf77e1e35854e939230779e0a190,722,ALLOC_N,unexpanded macro replacement tokens,"ALLOC_N(int, b_len); \ MEMZERO(l[0], int, b_len);"
amatch,0.4.2,ext/amatch_ext.c,789a71b9966da018a5e19457fad1077639b8bf77e1e35854e939230779e0a190,724,ALLOC_N,unexpanded macro replacement tokens,"ALLOC_N(int, b_len); \ MEMZERO(l[1], int, b_len);"
amatch,0.4.2,ext/amatch_ext.c,789a71b9966da018a5e19457fad1077639b8bf77e1e35854e939230779e0a190,739,xfree,unexpanded macro replacement tokens,xfree(l[0]); \ xfree(l[1]); static VALUE LongestSub
amatch,0.4.2,ext/amatch_ext.c,789a71b9966da018a5e19457fad1077639b8bf77e1e35854e939230779e0a190,740,xfree,unexpanded macro replacement tokens,"xfree(l[1]); static VALUE LongestSubstring_match(General *amatch, VALUE string) { char *a_ptr,"
amatch,0.4.2,ext/amatch_ext.c,789a71b9966da018a5e19457fad1077639b8bf77e1e35854e939230779e0a190,774,ALLOC_N,unexpanded macro replacement tokens,"ALLOC_N(int, a_len); \ MEMZERO(l[0], int, a_"
amatch,0.4.2,ext/amatch_ext.c,789a71b9966da018a5e19457fad1077639b8bf77e1e35854e939230779e0a190,776,ALLOC_N,unexpanded macro replacement tokens,"ALLOC_N(int, b_len); \ MEMZERO(l[1], int, b_"
amatch,0.4.2,ext/amatch_ext.c,789a71b9966da018a5e19457fad1077639b8bf77e1e35854e939230779e0a190,816,xfree,unexpanded macro replacement tokens,xfree(l[0]); \ xfree(l[1]);
amatch,0.4.2,ext/amatch_ext.c,789a71b9966da018a5e19457fad1077639b8bf77e1e35854e939230779e0a190,817,xfree,unexpanded macro replacement tokens,"xfree(l[1]); #define LOWERCASE_STRINGS \ char *ying, *y"
amatch,0.4.2,ext/amatch_ext.c,789a71b9966da018a5e19457fad1077639b8bf77e1e35854e939230779e0a190,822,ALLOC_N,unexpanded macro replacement tokens,"ALLOC_N(char, a_len); \ MEMCPY(ying, a_ptr, char, a_len);"
amatch,0.4.2,ext/amatch_ext.c,789a71b9966da018a5e19457fad1077639b8bf77e1e35854e939230779e0a190,825,ALLOC_N,unexpanded macro replacement tokens,"ALLOC_N(char, b_len); \ MEMCPY(yang, b_ptr, char, b_len);"
amatch,0.4.2,ext/amatch_ext.c,789a71b9966da018a5e19457fad1077639b8bf77e1e35854e939230779e0a190,1313,rb_scan_args,lexical candidate without parsed call/declarator,"rb_scan_args(argc, argv, ""11"", &strings, &regexp); use_regexp = NIL_P(regexp) && argc != 2;"
bigdecimal,3.3.1,ext/bigdecimal/missing.h,c4a977925c0ed14bd9405b3844fa60b573f8b5aebae4faf72428aba2e08d65dd,94,rb_warn,unexpanded macro replacement tokens,rb_warn(__VA_ARGS__) #endif #if defined(__cplusplus) #if 0 { /* satisfy cc-mode */ #endif } /* ext
bigdecimal,3.3.1,ext/bigdecimal/missing/dtoa.c,882830950bb446bd2409d0aa5fd0c2a6b000657de73cc9f21dfe7f56c1f8e800,206,fprintf,unexpanded macro replacement tokens,"fprintf(stderr, ""%s\n"", (x)); exit(EXIT_FAILURE);} #endif #ifndef ISDIGIT #include <ctype.h> #defin"
bigdecimal,3.3.1,ext/bigdecimal/missing/dtoa.c,882830950bb446bd2409d0aa5fd0c2a6b000657de73cc9f21dfe7f56c1f8e800,598,memcpy,unexpanded macro replacement tokens,"memcpy((char *)&(x)->sign, (char *)&(y)->sign, \ (y)->wds*sizeof(Long) + 2*sizeof(int)) static Bigi"
bigdecimal,3.3.1,ext/bigdecimal/missing/dtoa.c,882830950bb446bd2409d0aa5fd0c2a6b000657de73cc9f21dfe7f56c1f8e800,2586,strlen,unexpanded macro replacement tokens,strlen(s)+1) #ifndef MULTIPLE_THREADS /* freedtoa(s) must be used to free values s returned by dtoa
byebug,12.0.0,ext/byebug/byebug.c,2fae848a9a93851b1911c7cc260911b159864cdc48c8ed27ee3567dc5ee9a096,162,strlen,unexpanded macro replacement tokens,"strlen(""<internal:""))) \ return; \"
byebug,12.0.0,ext/byebug/context.c,eb46f2a4d338056f826a02f63e65045f012c61365790eedb2736989c9b34e1d7,212,rb_scan_args,unexpanded macro replacement tokens,"rb_scan_args(argc, argv, ""01"", &frame_no)) \ frame_n = 0; \"
cbor,0.5.10.1,ext/cbor/buffer_class.c,738f5d58f90a9360c7858e33e21b9378eb3994546491b82d303c125c0915f6ec,45,rb_raise,unexpanded macro replacement tokens,"rb_raise(rb_eArgError, ""NULL found for "" # name "" when shouldn't be.""); \ } #define CHECK_STRIN"
cbor,0.5.10.1,ext/cbor/buffer_class.c,738f5d58f90a9360c7858e33e21b9378eb3994546491b82d303c125c0915f6ec,51,rb_raise,unexpanded macro replacement tokens,"rb_raise(rb_eTypeError, ""instance of String needed""); \ } static void Buffer_free(void* data) {"
cbor,0.5.10.1,ext/cbor/packer_class.c,574cb038896b2237df28b88c83bc1e4ba99f44dc96582f704c7a69bc72642262,46,rb_raise,unexpanded macro replacement tokens,"rb_raise(rb_eArgError, ""NULL found for "" # name "" when shouldn't be.""); \ } static void Packer_"
cbor,0.5.10.1,ext/cbor/unpacker_class.c,731b3aa5a5d9afeb89ddc0e6fecc836830cbaf9259cd35cef00ec02f446d7a3d,46,rb_raise,unexpanded macro replacement tokens,"rb_raise(rb_eArgError, ""NULL found for "" # name "" when shouldn't be.""); \ } static void Unpacke"
cgi,0.5.1,ext/cgi/escape/escape.c,10443f9d92356d1257b9a7bf2dd7f4cd5183e64d5df68fe438d45e966cd70554,105,memcmp,unexpanded macro replacement tokens,"memcmp(&cstr[i], s, rb_strlen_lit(s)) == 0 && \ (i += rb_strlen_lit(s) - 1, 1))"
date,3.5.1,ext/date/date_core.c,c924c97b67cbe87cb1d1f48197547bfd5d0ecc2007bab5788505908a6b744aa5,2460,rb_warning,unexpanded macro replacement tokens,"rb_warning(""invalid start is ignored"");\ }\ } while (0) static VALUE valid_jd_sub(int argc, VAL"
date,3.5.1,ext/date/date_core.c,c924c97b67cbe87cb1d1f48197547bfd5d0ecc2007bab5788505908a6b744aa5,3291,rb_raise,unexpanded macro replacement tokens,"rb_raise(eDateError, ""invalid fraction"");\ fr2 = fr;\ }\ } while (0) #define num2int_with_frac"
date,3.5.1,ext/date/date_core.c,c924c97b67cbe87cb1d1f48197547bfd5d0ecc2007bab5788505908a6b744aa5,3301,rb_raise,unexpanded macro replacement tokens,"rb_raise(eDateError, ""invalid fraction"");\ fr2 = fr;\ }\ } while (0) #define canon24oc() \ do"
date,3.5.1,ext/date/date_core.c,c924c97b67cbe87cb1d1f48197547bfd5d0ecc2007bab5788505908a6b744aa5,3325,rb_warning,unexpanded macro replacement tokens,"rb_warning(""invalid start is ignored"");\ }\ } while (0) static VALUE d_lite_plus(VALUE, VALUE);"
date,3.5.1,ext/date/date_core.c,c924c97b67cbe87cb1d1f48197547bfd5d0ecc2007bab5788505908a6b744aa5,4464,rb_warn,unexpanded macro replacement tokens,"rb_warn(fmt) #endif static VALUE check_limit(VALUE str, VALUE opt) { size_t slen, limit; St"
date,3.5.1,ext/date/date_core.c,c924c97b67cbe87cb1d1f48197547bfd5d0ecc2007bab5788505908a6b744aa5,5074,rb_warning,unexpanded macro replacement tokens,"rb_warning(""invalid offset is ignored"");\ }\ } while (0) #if 0 static VALUE d_lite_initialize(i"
ffi,1.17.4,ext/ffi_c/AbstractMemory.c,23f92a528305f3a99c79dcce280894dbece91554f6520c704724cafea0c58f1f,92,memcpy,unexpanded macro replacement tokens,"memcpy(memory->address + off, &tmp, sizeof(tmp)); \ } \ static VALUE memory_put_##name(VALUE self, V"
ffi,1.17.4,ext/ffi_c/AbstractMemory.c,23f92a528305f3a99c79dcce280894dbece91554f6520c704724cafea0c58f1f,119,memcpy,unexpanded macro replacement tokens,"memcpy(&tmp, memory->address + off, sizeof(tmp)); \ return fromNative(VAL(tmp, swap)); \ } \ sta"
ffi,1.17.4,ext/ffi_c/AbstractMemory.c,23f92a528305f3a99c79dcce280894dbece91554f6520c704724cafea0c58f1f,154,memcpy,unexpanded macro replacement tokens,"memcpy(memory->address + off + (i * sizeof(type)), &tmp, sizeof(tmp)); \ } \ return self; \"
ffi,1.17.4,ext/ffi_c/AbstractMemory.c,23f92a528305f3a99c79dcce280894dbece91554f6520c704724cafea0c58f1f,177,memcpy,unexpanded macro replacement tokens,"memcpy(&tmp, memory->address + off + (i * sizeof(type)), sizeof(tmp)); \ rb_ary_push(retVal,"
ffi,1.17.4,ext/ffi_c/DynamicLibrary.c,b6596d021bea84c82d8017dd1b4b60072cd8b58c2dfb9b4ac34a154d29f2f2bf,102,snprintf,unexpanded macro replacement tokens,"snprintf(buf, size, ""%s"", dlerror()); } while(0) # define dl_sym(handle, name) dlsym(handle, name) #"
ffi,1.17.4,ext/ffi_c/libffi/include/ffi_common.h,1d8090956e934992f1505a21b11de69ff6cc43e0e1e4f31dc2e20b156fc5f297,78,memcpy,lexical candidate without parsed call/declarator,"memcpy(d, s, n) bcopy ((s), (d), (n)) # endif #endif #if defined(FFI_DEBUG) #include <stdio.h> #end"
ffi,1.17.4,ext/ffi_c/libffi/src/csky/ffi.c,54f9333b389dd4c29a376e8c4631756a77eb734740266a4b75b2bb1115b573db,344,memcpy,unexpanded macro replacement tokens,"memcpy (__tramp, ffi_csky_trampoline, TRAMPOLINE_SIZE); \ *(unsigned int*) &__tramp["
ffi,1.17.4,ext/ffi_c/libffi/src/csky/ffi.c,54f9333b389dd4c29a376e8c4631756a77eb734740266a4b75b2bb1115b573db,358,memcpy,unexpanded macro replacement tokens,"memcpy (__tramp, ffi_csky_trampoline, TRAMPOLINE_SIZE); \ *(unsigned int*) &__tramp["
ffi,1.17.4,ext/ffi_c/libffi/src/kvx/ffi.c,c501b6006dea54d4af0d5a4bb50aa534bdb59ce314b32b131343094626e4bcee,38,fprintf,unexpanded macro replacement tokens,"fprintf( stderr, __VA_ARGS__ ); } while(0) #else #define DEBUG_PRINT(...) #endif struct ret_value {"
ffi,1.17.4,ext/ffi_c/libffi/src/pa/ffi.c,bdc1b62396a34c385147c2a245f4033ea31563e980520c3590c700b53f6add18,52,printf,unexpanded macro replacement tokens,printf(x); } } while (0) static inline int ffi_struct_type(ffi_type *t) { size_t sz = t->size;
ffi,1.17.4,ext/ffi_c/libffi/src/pa/ffi64.c,b0f5936b94747ed55a15ba260f090bcdc1746f4206deec398df223963eafc0b9,48,printf,unexpanded macro replacement tokens,printf(x); } } while (0) static inline int ffi_struct_type(ffi_type *t) { int sz = t->size; /*
google-protobuf,4.36.0,ext/google/protobuf_c/protobuf.h,a27244a4f38f8aa2649b16ee99e6c41e7e0e23520c2df9fe18b341ed15001002,92,rb_bug,unexpanded macro replacement tokens,"rb_bug(""Assertion failed at %s:%d, expr: %s"", __FILE__, __LINE__, #expr) #endif // Raises a Ruby er"
grpc,1.81.1,src/ruby/ext/grpc/rb_grpc.h,4543f6a338dc60b9cebda20cbba0fffe319dfd1d0b60361be62757f685d70603,84,fprintf,unexpanded macro replacement tokens,"fprintf(stderr, ""%s:%d assert failed\n"", __FILE__, __LINE__); \ abort();"
grpc,1.81.1,third_party/abseil-cpp/absl/base/internal/sysinfo.cc,ed3bc1ef89bbdb91d51d2d4164919ba635a9cf912e35ad1477940599890378d0,97,malloc,lexical candidate without parsed call/declarator,malloc(info_size))); if (info == nullptr) return 0; bool success = GetLogicalProcessorInformati
grpc,1.81.1,third_party/zlib/trees.c,a3dfcd74b1f3860f30789a00d4346e282876a841405fb741c91ebd68e6620c10,243,fprintf,unexpanded macro replacement tokens,"fprintf(stderr,""\ncd %3d "",(c)); \ send_bits(s, tree[c].Code, tree[c].Len); } #endif /* ===="
grpc,1.81.1,third_party/zlib/zutil.h,88fa741c2471d5934d19a7eb0a836224ac0e5f5072ba8cd2dbe91dc52c43144d,211,memset,unexpanded macro replacement tokens,"memset(dest, 0, len) # endif #else void ZLIB_INTERNAL zmemcpy(Bytef* dest, const Bytef* source,"
grpc,1.81.1,third_party/zlib/zutil.h,88fa741c2471d5934d19a7eb0a836224ac0e5f5072ba8cd2dbe91dc52c43144d,245,ZALLOC,lexical candidate without parsed call/declarator,"ZALLOC(strm, items, size) \ (*((strm)->zalloc))((strm)->opaque, (items), (size)) #define"
json,2.21.2,ext/json/ext/json.h,eafaca1da05f125bc1f04596d478a1e30ed32e952b71fea4b45c983524277419,27,rb_bug,unexpanded macro replacement tokens,"rb_bug(""Unreachable"") #else # define JSON_UNREACHABLE_RETURN UNREACHABLE_RETURN #endif /* shims */"
json,2.21.2,ext/json/ext/json.h,eafaca1da05f125bc1f04596d478a1e30ed32e952b71fea4b45c983524277419,82,ruby_xrealloc2_sized,unexpanded macro replacement tokens,"ruby_xrealloc2_sized((void *)(v), (m), sizeof(T), (n))) # define JSON_SIZED_FREE(v) ruby_xfree_size"
json,2.21.2,ext/json/ext/vendor/jeaiii-ltoa.h,f78952561d8675e2c48ff015de476d7a06cf347dae364eacd189d8438fe80748,76,memcpy,unexpanded macro replacement tokens,"memcpy(buffer, &(digits), sizeof(struct digit_pair)) static char * jeaiii_ultoa(char *b, u64_t n) {"
libyajl2,2.1.0,ext/libyajl2/vendor/yajl/src/yajl_alloc.h,8bd7062fe43eb3826e66938511eb11afe397caf15698ab970abc45bc06812b2a,28,malloc,unexpanded macro replacement tokens,"malloc((afs)->ctx, (sz)) #define YA_FREE(afs, ptr) (afs)->free((afs)->ctx, (ptr)) #define YA_REALLOC"
libyajl2,2.1.0,ext/libyajl2/vendor/yajl/src/yajl_alloc.h,8bd7062fe43eb3826e66938511eb11afe397caf15698ab970abc45bc06812b2a,29,free,unexpanded macro replacement tokens,"free((afs)->ctx, (ptr)) #define YA_REALLOC(afs, ptr, sz) (afs)->realloc((afs)->ctx, (ptr), (sz)) vo"
libyajl2,2.1.0,ext/libyajl2/vendor/yajl/src/yajl_alloc.h,8bd7062fe43eb3826e66938511eb11afe397caf15698ab970abc45bc06812b2a,30,realloc,unexpanded macro replacement tokens,"realloc((afs)->ctx, (ptr), (sz)) void yajl_set_default_alloc_funcs(yajl_alloc_funcs * yaf); #endif"
libyajl2,2.1.0,ext/libyajl2/vendor/yajl/src/yajl_bytestack.h,99cb7c2d6190be8388e69d7f5e54cfb367e9cee41beb81f24239a38c9eca6e96,48,free,unexpanded macro replacement tokens,"free((obs).yaf->ctx, (obs).stack); #define yajl_bs_current(obs) \ (assert((obs).u"
libyajl2,2.1.0,ext/libyajl2/vendor/yajl/src/yajl_bytestack.h,99cb7c2d6190be8388e69d7f5e54cfb367e9cee41beb81f24239a38c9eca6e96,56,realloc,unexpanded macro replacement tokens,"realloc((obs).yaf->ctx,\ (void *) (obs).stack, (obs).size);"
libyajl2,2.1.0,ext/libyajl2/vendor/yajl/src/yajl_gen.c,06583119e2544f337fcaa3052f20e965eb09b446adc12e63c428354afef73aa7,160,strlen,unexpanded macro replacement tokens,strlen(g->indentString)); \ }
libyajl2,2.1.0,ext/libyajl2/vendor/yajl/src/yajl_tree.c,531acd18163cdc8e0989193d5a4cd415b278fa7087d39e24d8551b9fd9365998,55,snprintf,unexpanded macro replacement tokens,"snprintf ((ctx)->errbuf, (ctx)->errbuf_size, __VA_ARGS__); \ return (retval);"
libyajl2,2.1.0,ext/libyajl2/yajl_alloc.h,8bd7062fe43eb3826e66938511eb11afe397caf15698ab970abc45bc06812b2a,28,malloc,unexpanded macro replacement tokens,"malloc((afs)->ctx, (sz)) #define YA_FREE(afs, ptr) (afs)->free((afs)->ctx, (ptr)) #define YA_REALLOC"
libyajl2,2.1.0,ext/libyajl2/yajl_alloc.h,8bd7062fe43eb3826e66938511eb11afe397caf15698ab970abc45bc06812b2a,29,free,unexpanded macro replacement tokens,"free((afs)->ctx, (ptr)) #define YA_REALLOC(afs, ptr, sz) (afs)->realloc((afs)->ctx, (ptr), (sz)) vo"
libyajl2,2.1.0,ext/libyajl2/yajl_alloc.h,8bd7062fe43eb3826e66938511eb11afe397caf15698ab970abc45bc06812b2a,30,realloc,unexpanded macro replacement tokens,"realloc((afs)->ctx, (ptr), (sz)) void yajl_set_default_alloc_funcs(yajl_alloc_funcs * yaf); #endif"
libyajl2,2.1.0,ext/libyajl2/yajl_bytestack.h,99cb7c2d6190be8388e69d7f5e54cfb367e9cee41beb81f24239a38c9eca6e96,48,free,unexpanded macro replacement tokens,"free((obs).yaf->ctx, (obs).stack); #define yajl_bs_current(obs) \ (assert((obs).u"
libyajl2,2.1.0,ext/libyajl2/yajl_bytestack.h,99cb7c2d6190be8388e69d7f5e54cfb367e9cee41beb81f24239a38c9eca6e96,56,realloc,unexpanded macro replacement tokens,"realloc((obs).yaf->ctx,\ (void *) (obs).stack, (obs).size);"
libyajl2,2.1.0,ext/libyajl2/yajl_gen.c,0a52f5bc40b60b3251f80819177e0a000f3c0c7389c14cabee03dd8fe5c210b7,160,strlen,unexpanded macro replacement tokens,strlen(g->indentString)); \ }
libyajl2,2.1.0,ext/libyajl2/yajl_tree.c,8f9987281081593e2425f36d5d04cf532c29cef6eb79ce342df82334841e4867,55,snprintf,unexpanded macro replacement tokens,"snprintf ((ctx)->errbuf, (ctx)->errbuf_size, __VA_ARGS__); \ return (retval);"
msgpack,1.8.4,ext/msgpack/buffer_class.c,a78b5dec85ce55f0f8c6309246ef2963c58ee1d9d33d1b03b84f0a9f49b41bc9,109,rb_raise,unexpanded macro replacement tokens,"rb_raise(rb_eTypeError, ""instance of String needed""); \ } static void Buffer_free(void* data) {"
nio4r,2.7.5,ext/libev/ev.c,4708d34fda17cf503479b43972d5e04545949eb1ed719b421ba8367c03441a99,2271,memset,unexpanded macro replacement tokens,"memset ((void *)(base + offset), 0, sizeof (*(base)) * (count)) #define array_needsize(type,base,cu"
nio4r,2.7.5,ext/libev/ev.c,4708d34fda17cf503479b43972d5e04545949eb1ed719b421ba8367c03441a99,2288,fprintf,unexpanded macro replacement tokens,"fprintf (stderr, ""slimmed down "" # stem "" to %d\n"", stem ## max);/*D*/\ } #endif #define array_"
nio4r,2.7.5,ext/libev/ev.h,f38084689343020f074be14c2be0c3042ba69ce4b272060604ec8ba93b28f640,730,memmove,unexpanded macro replacement tokens,"memmove (&ev_cb_ (ev), &((ev_watcher *)(ev))->cb, sizeof (ev_cb_ (ev))), (ev)->cb) #if EV_MINPRI =="
nio4r,2.7.5,ext/libev/ev.h,f38084689343020f074be14c2be0c3042ba69ce4b272060604ec8ba93b28f640,744,memmove,unexpanded macro replacement tokens,"memmove (&((ev_watcher *)(ev))->cb, &ev_cb_ (ev), sizeof (ev_cb_ (ev)))) #endif /* stopping (enabli"
nkf,0.2.0,ext/nkf/nkf-utf8/nkf.c,41bdfc3d48c043056d55628aed487dc0c064f2c8981518e374b234993f9a8698,714,free,unexpanded macro replacement tokens,"free(ptr) static int nkf_str_caseeql(const char *src, const char *target) { int i; for (i ="
nokogiri,1.19.4,ext/nokogiri/gumbo.c,363fdb35d5b161a392df96e44b5c26f32a6e5c22981dd1cfb3144eebb4749f88,403,memcmp,unexpanded macro replacement tokens,"memcmp(href_ptr, uri, href_len)) if (NAMESPACE_P(""http://www.w3.org/1999/xhtml"")) { return GUM"
nokogiri,1.19.4,ext/nokogiri/nokogiri.h,a6341538d329740661bf9a740e7144f16698dcc63a0f097c98a6a48d909867f0,87,strlen,unexpanded macro replacement tokens,"strlen((const char *)(str))) #define NOKOGIRI_STR_NEW(str, len) rb_external_str_new_with_enc((const"
nokogiri,1.19.4,ext/nokogiri/nokogiri.h,a6341538d329740661bf9a740e7144f16698dcc63a0f097c98a6a48d909867f0,234,rb_warning,unexpanded macro replacement tokens,rb_warning(message) #endif void noko__structured_error_func_save(libxmlStructuredErrorHandlerState
oj,3.17.6,ext/oj/mem.h,e0243e378874dbc0897ac7393604deb58ab1fab8606986346f874e41d3a48eac,37,malloc,unexpanded macro replacement tokens,"malloc(size) #define OJ_REALLOC(ptr, size) realloc(ptr, size) #define OJ_CALLOC(count, size) calloc("
oj,3.17.6,ext/oj/mem.h,e0243e378874dbc0897ac7393604deb58ab1fab8606986346f874e41d3a48eac,38,realloc,unexpanded macro replacement tokens,"realloc(ptr, size) #define OJ_CALLOC(count, size) calloc(count, size) #define OJ_FREE(ptr) free(ptr)"
oj,3.17.6,ext/oj/mem.h,e0243e378874dbc0897ac7393604deb58ab1fab8606986346f874e41d3a48eac,39,calloc,unexpanded macro replacement tokens,"calloc(count, size) #define OJ_FREE(ptr) free(ptr) #define OJ_R_ALLOC(type) RB_ALLOC(type) #define"
oj,3.17.6,ext/oj/mem.h,e0243e378874dbc0897ac7393604deb58ab1fab8606986346f874e41d3a48eac,40,free,unexpanded macro replacement tokens,"free(ptr) #define OJ_R_ALLOC(type) RB_ALLOC(type) #define OJ_R_ALLOC_N(type, n) RB_ALLOC_N(type, n)"
oj,3.17.6,ext/oj/mem.h,e0243e378874dbc0897ac7393604deb58ab1fab8606986346f874e41d3a48eac,42,RB_ALLOC,unexpanded macro replacement tokens,"RB_ALLOC(type) #define OJ_R_ALLOC_N(type, n) RB_ALLOC_N(type, n) #define OJ_R_REALLOC_N(ptr, type, n"
oj,3.17.6,ext/oj/mem.h,e0243e378874dbc0897ac7393604deb58ab1fab8606986346f874e41d3a48eac,43,RB_ALLOC_N,unexpanded macro replacement tokens,"RB_ALLOC_N(type, n) #define OJ_R_REALLOC_N(ptr, type, n) RB_REALLOC_N(ptr, type, n) #define OJ_R_FRE"
oj,3.17.6,ext/oj/mem.h,e0243e378874dbc0897ac7393604deb58ab1fab8606986346f874e41d3a48eac,44,RB_REALLOC_N,unexpanded macro replacement tokens,"RB_REALLOC_N(ptr, type, n) #define OJ_R_FREE(ptr) xfree(ptr) #define OJ_STRDUP(str) strdup(str) #e"
oj,3.17.6,ext/oj/mem.h,e0243e378874dbc0897ac7393604deb58ab1fab8606986346f874e41d3a48eac,45,xfree,unexpanded macro replacement tokens,xfree(ptr) #define OJ_STRDUP(str) strdup(str) #endif extern void oj_mem_report(); #endif /* OJ_M
oj,3.17.6,ext/oj/oj.h,08c696cf73357fca7f54f1023ef8893764d28bbec2cbb765ca6b5adef27af82a,394,memcpy,unexpanded macro replacement tokens,"memcpy(buffer, chars, size); \ buffer += size; \ } #ifdef HAVE_P"
oj,3.17.6,ext/oj/safe.h,2b6c68d3790e7ee9247dbbd3ec0f0a6d0b7e73eb35d8e05a522f1da339915012,14,rb_raise,unexpanded macro replacement tokens,"rb_raise(rb_eArgError, ""Incorrect value provided for `"" #config_name ""`""); \ } else {"
openssl,3.3.3,ext/openssl/ossl.h,61966d33e9bb495f9f66288c80cd40fc3dcbc8fdb6d32597212606e5e08119ff,174,fprintf,unexpanded macro replacement tokens,"fprintf(stderr, ""OSSL_DEBUG: ""); \ fprintf(stderr, __VA_ARGS__); \ fprintf(stderr, "" [%s:%d]"
openssl,3.3.3,ext/openssl/ossl.h,61966d33e9bb495f9f66288c80cd40fc3dcbc8fdb6d32597212606e5e08119ff,175,fprintf,unexpanded macro replacement tokens,"fprintf(stderr, __VA_ARGS__); \ fprintf(stderr, "" [%s:%d]\n"", __FILE__, __LINE__); \ } \ } whi"
openssl,3.3.3,ext/openssl/ossl.h,61966d33e9bb495f9f66288c80cd40fc3dcbc8fdb6d32597212606e5e08119ff,176,fprintf,unexpanded macro replacement tokens,"fprintf(stderr, "" [%s:%d]\n"", __FILE__, __LINE__); \ } \ } while (0) /* * Include all parts */"
openssl,3.3.3,ext/openssl/ossl_bn.c,653613568749c88e719a0eef11ec69f7ed6313e5b99aab37331bcb1471dbda09,820,rb_scan_args,lexical candidate without parsed call/declarator,"rb_scan_args(argc, argv, ""12"", &bits, &fill, &odd)) { case 3: bottom = (odd == Qtrue)"
openssl,3.3.3,ext/openssl/ossl_pkey.h,818503b99f833ef560932153b95f35b7ac8cdb3d44c3ae6746c6021bf1d347e9,25,rb_raise,unexpanded macro replacement tokens,"rb_raise(rb_eRuntimeError, ""PKEY wasn't initialized!"");\ } \ } while (0) /* Takes ownership of"
openssl,3.3.3,ext/openssl/ossl_pkey.h,818503b99f833ef560932153b95f35b7ac8cdb3d44c3ae6746c6021bf1d347e9,170,rb_raise,unexpanded macro replacement tokens,"rb_raise(ePKeyError, \ #_keytype""#set_""#_group""= is incompatible with OpenSSL"
openssl,3.3.3,ext/openssl/ossl_pkey.h,818503b99f833ef560932153b95f35b7ac8cdb3d44c3ae6746c6021bf1d347e9,177,rb_raise,unexpanded macro replacement tokens,"rb_raise(ePKeyError, \ #_keytype""#set_""#_group""= is incompatible with OpenSSL"
pg,1.6.3,ext/pg.h,a57e30027c1bf1f6008e3bbb861eb804874fa1c81cd4b97abd93433848a995ea,74,rb_raise,unexpanded macro replacement tokens,"rb_raise(rb_eArgError, ""Number of "" #name "" (%d) exceeds allowed maximum of "" #maxlen, (len) ), (typ"
pg_query,6.2.2,ext/pg_query/include/postgres/access/detoast.h,e659a2da593d0f5f4b6862d4482d1463763c8ae873085de47046b539d64ad7dd,27,memcpy,unexpanded macro replacement tokens,"memcpy(&(toast_pointer), VARDATA_EXTERNAL(attre), sizeof(toast_pointer)); \ } while (0) /* Size of"
pg_query,6.2.2,ext/pg_query/include/postgres/access/tupmacs.h,8938d976f33065596fce32da608032c57d2607f1c0623ba70f794dbcd2be80d6,170,strlen,unexpanded macro replacement tokens,strlen((char *) (attptr)) + 1) \ )) \ ) #ifndef FRONTEND /* * store_att_byval is a partial invers
pg_query,6.2.2,ext/pg_query/include/postgres/c.h,37d30318ed34bde7e53ee835061fcb3bf3a150f3ff415b7c7a640428a6038db4,188,pg_attribute_printf,lexical candidate without parsed call/declarator,"pg_attribute_printf(f,a) __attribute__((format(PG_PRINTF_ATTRIBUTE, f, a))) #else #define pg_attribu"
pg_query,6.2.2,ext/pg_query/include/postgres/c.h,37d30318ed34bde7e53ee835061fcb3bf3a150f3ff415b7c7a640428a6038db4,191,pg_attribute_printf,lexical candidate without parsed call/declarator,"pg_attribute_printf(f,a) #endif /* GCC and Sunpro support aligned, packed and noreturn */ #if defin"
pg_query,6.2.2,ext/pg_query/include/postgres/c.h,37d30318ed34bde7e53ee835061fcb3bf3a150f3ff415b7c7a640428a6038db4,1070,memset,unexpanded macro replacement tokens,"memset(_start, _val, _len); \ } while (0) /* * Macros for range-checking float values before con"
pg_query,6.2.2,ext/pg_query/include/postgres/libpq/pqcomm.h,a852bf804d9511af95acaf61a48a4136c33265a9f9599ae87ee55e7f3a7b5244,47,snprintf,unexpanded macro replacement tokens,"snprintf(path, sizeof(path), ""%s/.s.PGSQL.%d"", \ (sockdir), (port))) /* * The maximum workabl"
pg_query,6.2.2,ext/pg_query/include/postgres/port.h,4674360c2ec874ba125a8f6cd3040d9bffd0e4dd946776980abde9bf61906411,245,printf,lexical candidate without parsed call/declarator,printf(...) pg_printf(__VA_ARGS__) /* This is also provided by snprintf.c */ extern int pg_strfrom
pg_query,6.2.2,ext/pg_query/include/postgres/port.h,4674360c2ec874ba125a8f6cd3040d9bffd0e4dd946776980abde9bf61906411,245,pg_printf,unexpanded macro replacement tokens,"pg_printf(__VA_ARGS__) /* This is also provided by snprintf.c */ extern int pg_strfromd(char *str,"
pg_query,6.2.2,ext/pg_query/include/protobuf-c.h,3c06432ca3233a730e7b20afc1bc5750dd3f8c298db9c99b5df03dc6e1a4740c,1064,free,unexpanded macro replacement tokens,"free( \ (simp_buf)->allocator, \ (simp_buf)->data); \"
pg_query,6.2.2,ext/pg_query/include/protobuf-c.h,3c06432ca3233a730e7b20afc1bc5750dd3f8c298db9c99b5df03dc6e1a4740c,1068,free,unexpanded macro replacement tokens,free((simp_buf)->data); \ }
pg_query,6.2.2,ext/pg_query/include/protobuf-c/protobuf-c.h,3c06432ca3233a730e7b20afc1bc5750dd3f8c298db9c99b5df03dc6e1a4740c,1064,free,unexpanded macro replacement tokens,"free( \ (simp_buf)->allocator, \ (simp_buf)->data); \"
pg_query,6.2.2,ext/pg_query/include/protobuf-c/protobuf-c.h,3c06432ca3233a730e7b20afc1bc5750dd3f8c298db9c99b5df03dc6e1a4740c,1068,free,unexpanded macro replacement tokens,free((simp_buf)->data); \ }
pg_query,6.2.2,ext/pg_query/pg_query_readfuncs_protobuf.c,54ca317ec03aedc1dde03513b179c2aefd7899b9b49c857a322a22a52c662bbd,23,strlen,unexpanded macro replacement tokens,strlen(msg->outname) > 0) { \ node->fldname = msg->outname[0]; \ } #define READ_STRING_FIELD(out
pg_query,6.2.2,ext/pg_query/pg_query_readfuncs_protobuf.c,54ca317ec03aedc1dde03513b179c2aefd7899b9b49c857a322a22a52c662bbd,28,strlen,unexpanded macro replacement tokens,strlen(msg->outname) > 0) { \ node->fldname = pstrdup(msg->outname); \ } #define READ_ENUM_FIELD
pg_query,6.2.2,ext/pg_query/src_backend_nodes_copyfuncs.c,9923358a65576dce2ede35d93d526f84f4c4d9c113863292c23b1ba684dc7d80,57,memcpy,unexpanded macro replacement tokens,"memcpy(newnode->fldname, from->fldname, sizeof(newnode->fldname)) /* Copy a field that is a pointer"
pg_query,6.2.2,ext/pg_query/src_backend_nodes_copyfuncs.c,9923358a65576dce2ede35d93d526f84f4c4d9c113863292c23b1ba684dc7d80,66,memcpy,unexpanded macro replacement tokens,"memcpy(newnode->fldname, from->fldname, _size); \ } \ } while (0) /* Copy a parse location field"
pg_query,6.2.2,ext/pg_query/src_backend_nodes_equalfuncs.c,ba387fa1d334113b23158af41d6780bfaca1540a7fb50f7f01e1eeb3b0540069,79,memcmp,unexpanded macro replacement tokens,"memcmp(a->fldname, b->fldname, sizeof(a->fldname)) != 0) \ return false; \ } while (0) /* Compa"
pg_query,6.2.2,ext/pg_query/src_backend_nodes_equalfuncs.c,ba387fa1d334113b23158af41d6780bfaca1540a7fb50f7f01e1eeb3b0540069,86,memcmp,unexpanded macro replacement tokens,"memcmp(a->fldname, b->fldname, (sz)) != 0) \ return false; \ } while (0) /* Compare a parse loc"
pg_query,6.2.2,ext/pg_query/src_backend_nodes_nodeFuncs.c,c172d309c1db78a76fe5b106cddf308899c6af7eb9f60d59a7c71c4415a9be60,872,memcpy,unexpanded macro replacement tokens,"memcpy((newnode), (node), sizeof(nodetype)) ) #define MUTATE(newfield, oldfield, fieldtype) \ ( ("
pg_query,6.2.2,ext/pg_query/src_backend_parser_gram.c,d8f77c6e08afae91001dc2d984aa1dab46518fb0793807ab0a55247dd0f09e96,31579,fprintf,unexpanded macro replacement tokens,"fprintf (File, ""%d.%d-%d.%d"", \ (Loc).first_line, (Loc).first_column, \ (Loc).last_l"
pg_query,6.2.2,ext/pg_query/src_backend_parser_scan.c,827bb0e3485acff42ce398e57945f638409eaed5cf0efa9801e850bf699a9693,8075,fprintf,lexical candidate without parsed call/declarator,"fprintf(file, fmt, msg) fprintf_to_ereport(fmt, msg) static void fprintf_to_ereport(const char *fm"
pg_query,6.2.2,ext/pg_query/src_pl_plpgsql_src_pl_gram.c,9ef438ff195798f682404f5d0446bfee0de0ea20407cf95c26a91e3baa1604fb,1657,fprintf,unexpanded macro replacement tokens,"fprintf (File, ""%d.%d-%d.%d"", \ (Loc).first_line, (Loc).first_column, \ (Loc).last_l"
prism,1.9.0,src/prism.c,7b5baba4ae31c083fdaa3b6277aa615837e398bffae6346a9acc29311c2dcdda,355,fprintf,unexpanded macro replacement tokens,"fprintf(stderr, ""|""); \ fprintf(stderr, ""%s"", #state); \ first = false; \ }"
prism,1.9.0,src/prism.c,7b5baba4ae31c083fdaa3b6277aa615837e398bffae6346a9acc29311c2dcdda,356,fprintf,unexpanded macro replacement tokens,"fprintf(stderr, ""%s"", #state); \ first = false; \ } CHECK_STATE(PM_LEX_STATE_BEG)"
prism,1.9.0,src/prism.c,7b5baba4ae31c083fdaa3b6277aa615837e398bffae6346a9acc29311c2dcdda,376,fprintf,lexical candidate without parsed call/declarator,"fprintf(stderr, ""\n""); } static void debug_lex_state_set(pm_parser_t *parser, pm_lex_state_t state,"
prism,1.9.0,src/prism.c,7b5baba4ae31c083fdaa3b6277aa615837e398bffae6346a9acc29311c2dcdda,1766,memcmp,unexpanded macro replacement tokens,"memcmp(source, name, length) == 0) return true switch (length) { case 2: sw"
prism,1.9.0,src/prism.c,7b5baba4ae31c083fdaa3b6277aa615837e398bffae6346a9acc29311c2dcdda,22646,memcmp,unexpanded macro replacement tokens,"memcmp(source, s, 2) == 0) #define C3(s) (memcmp(source, s, 3) == 0) switch (pm_slice_type(sour"
prism,1.9.0,src/prism.c,7b5baba4ae31c083fdaa3b6277aa615837e398bffae6346a9acc29311c2dcdda,22647,memcmp,unexpanded macro replacement tokens,"memcmp(source, s, 3) == 0) switch (pm_slice_type(source, length, encoding_name)) { case"
puma,8.0.2,ext/puma_http11/puma_http11.c,f670d0b996194439da8e2e0281b661833c14076a16cdc06cd4ccd9698b24cc6b,36,rb_raise,unexpanded macro replacement tokens,"rb_raise(eHttpParserError, MAX_##N##_LENGTH_ERR, len); } /** Defines global strings in the init met"
racc,1.8.1,ext/racc/cparse/cparse.c,8b044b5a04f6963d289409705b0cbf6a6859f49d693c980c22b1f6b14c0d556c,213,D_printf,lexical candidate without parsed call/declarator,"D_printf(fmt,arg) if (v->sys_debug) printf(fmt,arg) #else # define D_puts(msg) # define D_printf(fm"
racc,1.8.1,ext/racc/cparse/cparse.c,8b044b5a04f6963d289409705b0cbf6a6859f49d693c980c22b1f6b14c0d556c,213,printf,unexpanded macro replacement tokens,"printf(fmt,arg) #else # define D_puts(msg) # define D_printf(fmt,arg) #endif #undef RUBY_UNTYPED_DA"
racc,1.8.1,ext/racc/cparse/cparse.c,8b044b5a04f6963d289409705b0cbf6a6859f49d693c980c22b1f6b14c0d556c,216,D_printf,lexical candidate without parsed call/declarator,"D_printf(fmt,arg) #endif #undef RUBY_UNTYPED_DATA_WARNING #define RUBY_UNTYPED_DATA_WARNING 1 stat"
rb-fsevent,0.11.2,ext/fsevent_watch/defines.h,8618fb2b3bbb1d0aaabf131105eae08c1cbf01452156e166f5e76067381aaece,36,fprintf,unexpanded macro replacement tokens,"fprintf(fd, ""%s"", msg ""\n""); } } \ while (0) #define FLAG_CHECK_STDERR(flags, flag, ms"
rbs,3.9.5,ext/rbs_extension/parser.c,712954fb4611707b7eed0a1873e4fc1e7065425c00a5840c2942fe4e15005bcd,8,strlen,unexpanded macro replacement tokens,"strlen(str) \ ) #define INTERN_TOKEN(parserstate, tok) \ rb_intern3(\"
rbtrace,0.5.5,ext/rbtrace.c,684dc3b2506b131f7c4ed6ea6b98012e25a62def2c9f34e216431213da616b25,57,strlen,unexpanded macro replacement tokens,strlen((ptr)->sun_path)) #endif static uint64_t ru_utime_usec() { struct rusage r_usage; getrus
resolv,0.7.1,ext/win32/resolv/resolv.c,30bbc1702961f61d020f5bd9d729acb29b11b850356cab4c57be9fa0f8a2b599,189,rb_raise,unexpanded macro replacement tokens,"rb_raise(rb_eRuntimeError, ""registry value type changed %lu -> %lu"", \ (unsigne"
rinku,2.0.0,ext/rinku/buffer.h,95ee267e63bcbcab0efeda1cf6bf2c1930b54ae1d366ccabbce1090602566bd3,53,strlen,unexpanded macro replacement tokens,"strlen(strname), 0, 0, 0 } /* BUFPUTSL: optimized bufputs of a string litteral */ #define BUFPUTSL("
ruby-magic,0.6.0,ext/magic/ruby-magic.h,c27bce00b8a1cddc031f469550b95456fffb089023594c66e631ed9dba9f1c0c,23,rb_warn,unexpanded macro replacement tokens,rb_warn(__VA_ARGS__); \ } \ } while (0) #define MAGIC_ERRORS(t) ruby_magic_errors[(t)]
ruby-magic,0.6.0,ext/magic/ruby-magic.h,c27bce00b8a1cddc031f469550b95456fffb089023594c66e631ed9dba9f1c0c,30,rb_raise,unexpanded macro replacement tokens,"rb_raise(rb_eTypeError, MAGIC_ERRORS(E_ARGUMENT_TYPE_INVALID), CLASS_NAME((o)), __VA_ARGS__) #defin"
ruby-magic,0.6.0,ext/magic/ruby-magic.h,c27bce00b8a1cddc031f469550b95456fffb089023594c66e631ed9dba9f1c0c,47,rb_raise,unexpanded macro replacement tokens,"rb_raise(rb_eArgError, MAGIC_ERRORS(E_ARGUMENT_MISSING), (t), (o)); \ } while (0) #define MAGIC_CH"
ruby-magic,0.6.0,ext/magic/ruby-magic.h,c27bce00b8a1cddc031f469550b95456fffb089023594c66e631ed9dba9f1c0c,53,rb_raise,unexpanded macro replacement tokens,"rb_raise(rb_eArgError, ""%s"", MAGIC_ERRORS(E_ARGUMENT_TYPE_ARRAY_EMPTY)); \ } while (0) #define MA"
rugged,1.9.6,ext/rugged/rugged.h,716b692dfb52ca93e3ff6d8382e537ea42c4aa262b53e236f7b2557c8a9e0424,30,strlen,unexpanded macro replacement tokens,"strlen(str), rb_utf8_encoding()) #define CSTR2SYM(s) (ID2SYM(rb_intern((s)))) /* * Initialization"
rugged,1.9.6,ext/rugged/rugged.h,716b692dfb52ca93e3ff6d8382e537ea42c4aa262b53e236f7b2557c8a9e0424,110,rb_raise,unexpanded macro replacement tokens,"rb_raise(rb_eArgError, ""Expected a Proc or an object that responds to #call (:"" name "" ).""); \ } wh"
rugged,1.9.6,ext/rugged/rugged_repo.c,d5790b900a010ad26cb600b9a1d2710c2ce2cb131600320ebd4f35afe5fb9ac3,644,rb_raise,unexpanded macro replacement tokens,"rb_raise(rb_eTypeError, \ ""The given object is not a Rugged::"" #_object); \ if (!NIL_P(rugged_ow"
rugged,1.9.6,ext/rugged/rugged_repo.c,d5790b900a010ad26cb600b9a1d2710c2ce2cb131600320ebd4f35afe5fb9ac3,647,rb_raise,unexpanded macro replacement tokens,"rb_raise(rb_eRuntimeError, \ ""The given object is already owned by another repository""); \ Typed"
rugged,1.9.6,vendor/libgit2/deps/ntlmclient/ntlm.c,adf2d486d8c5a22227e5f1b67da2f81021c2df9c85512c18b67f26121f6c465e,112,free,unexpanded macro replacement tokens,free(ptr); ptr = NULL; } while(0) static void free_hostname(ntlm_client *ntlm) { reset(ntlm->hostn
rugged,1.9.6,vendor/libgit2/deps/pcre2/pcre2_substitute.c,9cb1fd43abd9c56a858b57031711cb5258e1f5270537898d44385c6c828542c9,650,memcpy,lexical candidate without parsed call/declarator,"memcpy(buffer + buff_offset, from, CU2BYTES(chkmc_length)); \ buff_offset += chkmc_length; \"
rugged,1.9.6,vendor/libgit2/deps/pcre2/pcre2_util.h,e3976da65fc89df6a3861bede875e3d8d49524cea8c83f8565de51688f964685,68,fprintf,unexpanded macro replacement tokens,"fprintf(stderr, ""Assertion failed at "" __FILE__ "":%d\n"", __LINE__); \ abort();"
rugged,1.9.6,vendor/libgit2/deps/pcre2/pcre2_util.h,e3976da65fc89df6a3861bede875e3d8d49524cea8c83f8565de51688f964685,96,fprintf,unexpanded macro replacement tokens,"fprintf(stderr, ""Execution reached unexpected point at "" __FILE__ \ "":%d\n"", __LIN"
rugged,1.9.6,vendor/libgit2/deps/zlib/trees.c,f63c68c16c05fcd196050529d1a0e7657960e4136b9987d90a6ac3e58a964b0f,243,fprintf,unexpanded macro replacement tokens,"fprintf(stderr,""\ncd %3d "",(c)); \ send_bits(s, tree[c].Code, tree[c].Len); } #endif /* ===="
rugged,1.9.6,vendor/libgit2/deps/zlib/zutil.h,dddb2dc7a1dc339ecf2c8e089b366f08bb731c0839c7110240d17ce731bb4fea,211,memset,unexpanded macro replacement tokens,"memset(dest, 0, len) # endif #else void ZLIB_INTERNAL zmemcpy(Bytef* dest, const Bytef* source,"
rugged,1.9.6,vendor/libgit2/deps/zlib/zutil.h,dddb2dc7a1dc339ecf2c8e089b366f08bb731c0839c7110240d17ce731bb4fea,245,ZALLOC,lexical candidate without parsed call/declarator,"ZALLOC(strm, items, size) \ (*((strm)->zalloc))((strm)->opaque, (items), (size)) #define"
rugged,1.9.6,vendor/libgit2/src/cli/error.h,ebd8eadd5527dc381acbd08c45aab5a21e2d4d2beff0a4baf462389b1cb0aeab,23,fprintf,unexpanded macro replacement tokens,"fprintf(stderr, ""%s: "", PROGRAM_NAME); \ vfprintf(stderr, fmt, ap); \ fprintf(stderr, ""\n""); \"
rugged,1.9.6,vendor/libgit2/src/cli/error.h,ebd8eadd5527dc381acbd08c45aab5a21e2d4d2beff0a4baf462389b1cb0aeab,24,vfprintf,unexpanded macro replacement tokens,"vfprintf(stderr, fmt, ap); \ fprintf(stderr, ""\n""); \ va_end(ap); \ } while(0) GIT_INLINE(int)"
rugged,1.9.6,vendor/libgit2/src/cli/error.h,ebd8eadd5527dc381acbd08c45aab5a21e2d4d2beff0a4baf462389b1cb0aeab,25,fprintf,unexpanded macro replacement tokens,"fprintf(stderr, ""\n""); \ va_end(ap); \ } while(0) GIT_INLINE(int) cli_error(const char *fmt, ..."
rugged,1.9.6,vendor/libgit2/src/libgit2/common.h,6c3fb69d1dd0a3656b76dccbae2f2ae11d67675c3695cf0de4521daa422c28ae,34,memcpy,unexpanded macro replacement tokens,"memcpy((PTR), &_tmpl, sizeof(_tmpl)); } while (0) /** * Check a versioned structure for validity"
rugged,1.9.6,vendor/libgit2/src/libgit2/index.c,151f25205aee0032dc380dc567cfb28c37394a4d94a7d4730312785d5a5e5831,2421,memcpy,unexpanded macro replacement tokens,"memcpy(ptr, buffer, len); \ } \ \ buffer += len; \ size -= len; while (size) { git_index_nam"
rugged,1.9.6,vendor/libgit2/src/libgit2/parse.h,45b8d736b9b103a6971b3dc3d95e0300a0384c9a62a6916000e1cc149b5294d1,48,strlen,unexpanded macro replacement tokens,strlen(str)) int git_parse_advance_ws(git_parse_ctx *ctx); int git_parse_advance_nl(git_parse_ctx *
rugged,1.9.6,vendor/libgit2/src/libgit2/tag.c,48a156dec8778f0fc9a66667e8230b903926a6ab285886c4a83738ba0372172c,515,strlen,unexpanded macro replacement tokens,"strlen(GIT_REFS_TAGS_DIR) static int tag_list_cb(const char *tag_name, git_oid *oid, void *data) {"
rugged,1.9.6,vendor/libgit2/src/util/staticstr.h,d9d6abc1dd70f297f8c51ce23a52d8c62d43b306d05779d42a5bc1703eb11a36,54,memmove,unexpanded macro replacement tokens,"memmove((__str)->data, __end, (__str)->len - __consumed); \ (__str)->len -= __consumed; \ (__s"
rugged,1.9.6,vendor/libgit2/src/util/unix/posix.h,b6619fc5059c0759e2904cde66d879bfb0918567f5235026f0c2d7875a3d517e,57,p_vsnprintf,lexical candidate without parsed call/declarator,"p_vsnprintf(b, c, f, a) vsnprintf(b, c, f, a) #define p_snprintf snprintf #define p_chdir(p) chdir(p"
rugged,1.9.6,vendor/libgit2/src/util/unix/posix.h,b6619fc5059c0759e2904cde66d879bfb0918567f5235026f0c2d7875a3d517e,57,vsnprintf,unexpanded macro replacement tokens,"vsnprintf(b, c, f, a) #define p_snprintf snprintf #define p_chdir(p) chdir(p) #define p_rmdir(p) rmd"
strscan,3.1.8,ext/strscan/strscan.c,b511e4207a227bf86b45713959cb0e2a3123e0c5b40ff4f917db73e086daaa2f,86,rb_raise,unexpanded macro replacement tokens,"rb_raise(rb_eArgError, ""uninitialized StringScanner object"");\ } while (0) /* ====================="
thrift,0.22.0,ext/macros.h,45c18f4351241ab6fbefe83d53ac056f7a488a30418156c015d3b1fd33339b33,24,rb_raise,unexpanded macro replacement tokens,"rb_raise(rb_eStandardError, ""nil argument not allowed!"");} #define READ(obj, length) rb_funcall(GET_"
timfel-krb5-auth,0.8.3,ext/ruby_krb5_auth.c,e8c87447c5e1cea23cdda8ef899c20a1f253ce471bf7fba6774cb0b3b330776d,42,rb_raise,unexpanded macro replacement tokens,"rb_raise(cKrb5_Exception, ""%s"", ""Error mallocing memory""); #define NOSTRUCT_EXCEPT() rb_raise(cKrb5_"
timfel-krb5-auth,0.8.3,ext/ruby_krb5_auth.c,e8c87447c5e1cea23cdda8ef899c20a1f253ce471bf7fba6774cb0b3b330776d,43,rb_raise,unexpanded macro replacement tokens,"rb_raise(cKrb5_Exception, ""%s"", ""Class not initialized properly (try 'new')""); static char *get_str"
yajl-ruby,1.4.3,ext/yajl/yajl_alloc.h,60e620ed9cff4b45ef5d5ae24153f43fefa369a59357aaf3c62b645d837e2772,44,malloc,unexpanded macro replacement tokens,"malloc((afs)->ctx, (sz)) #define YA_FREE(afs, ptr) (afs)->free((afs)->ctx, (ptr)) #define YA_REALLOC"
yajl-ruby,1.4.3,ext/yajl/yajl_alloc.h,60e620ed9cff4b45ef5d5ae24153f43fefa369a59357aaf3c62b645d837e2772,45,free,unexpanded macro replacement tokens,"free((afs)->ctx, (ptr)) #define YA_REALLOC(afs, ptr, sz) (afs)->realloc((afs)->ctx, (ptr), (sz)) YA"
yajl-ruby,1.4.3,ext/yajl/yajl_alloc.h,60e620ed9cff4b45ef5d5ae24153f43fefa369a59357aaf3c62b645d837e2772,46,realloc,unexpanded macro replacement tokens,"realloc((afs)->ctx, (ptr), (sz)) YAJL_API void yajl_set_default_alloc_funcs(yajl_alloc_funcs * yaf)"
yajl-ruby,1.4.3,ext/yajl/yajl_bytestack.h,244817016022fc63a8bacecc6a0a8836c30bffe1142e793728bd3c5eb0bf1a72,67,free,unexpanded macro replacement tokens,"free((obs).yaf->ctx, (obs).stack); #define yajl_bs_current(obs) \ (assert((obs"
yajl-ruby,1.4.3,ext/yajl/yajl_ext.c,b709867c9205c00baf3b3e1be49274b1c9d47183ab730603188b0d7e2d7f3e5f,34,rb_scan_args,unexpanded macro replacement tokens,"rb_scan_args(argc, argv, ""01"", &rb_encoder); \ cls = rb_obj_class(rb_encoder);"
yajl-ruby,1.4.3,ext/yajl/yajl_gen.c,eaae309f0822f4b469d52cf2de8733141e1624b9dce5d73952c877c131ad0f15,158,strlen,unexpanded macro replacement tokens,strlen(g->indentString)); \ }
zstd-ruby,2.0.8,ext/zstdruby/libzstd/common/zstd_deps.h,9c77ea7d0afa8d5c868a7839e178a446a82d88eb75fd56f2fd7d9d96c5ab7c11,48,memcpy,unexpanded macro replacement tokens,"memcpy((d),(s),(l)) # define ZSTD_memmove(d,s,l) memmove((d),(s),(l)) # define ZSTD_memset(p,v,l) me"
zstd-ruby,2.0.8,ext/zstdruby/libzstd/common/zstd_deps.h,9c77ea7d0afa8d5c868a7839e178a446a82d88eb75fd56f2fd7d9d96c5ab7c11,49,memmove,unexpanded macro replacement tokens,"memmove((d),(s),(l)) # define ZSTD_memset(p,v,l) memset((p),(v),(l)) #endif #endif /* ZSTD_DEPS_COM"
zstd-ruby,2.0.8,ext/zstdruby/libzstd/common/zstd_deps.h,9c77ea7d0afa8d5c868a7839e178a446a82d88eb75fd56f2fd7d9d96c5ab7c11,50,memset,unexpanded macro replacement tokens,"memset((p),(v),(l)) #endif #endif /* ZSTD_DEPS_COMMON */ /* Need: * ZSTD_malloc() * ZSTD_free()"
zstd-ruby,2.0.8,ext/zstdruby/libzstd/common/zstd_deps.h,9c77ea7d0afa8d5c868a7839e178a446a82d88eb75fd56f2fd7d9d96c5ab7c11,66,malloc,unexpanded macro replacement tokens,"malloc(s) #define ZSTD_calloc(n,s) calloc((n), (s)) #define ZSTD_free(p) free((p)) #endif /* ZSTD_D"
zstd-ruby,2.0.8,ext/zstdruby/libzstd/common/zstd_deps.h,9c77ea7d0afa8d5c868a7839e178a446a82d88eb75fd56f2fd7d9d96c5ab7c11,67,calloc,unexpanded macro replacement tokens,"calloc((n), (s)) #define ZSTD_free(p) free((p)) #endif /* ZSTD_DEPS_MALLOC */ #endif /* ZSTD_DEPS_N"
zstd-ruby,2.0.8,ext/zstdruby/libzstd/common/zstd_deps.h,9c77ea7d0afa8d5c868a7839e178a446a82d88eb75fd56f2fd7d9d96c5ab7c11,68,free,unexpanded macro replacement tokens,free((p)) #endif /* ZSTD_DEPS_MALLOC */ #endif /* ZSTD_DEPS_NEED_MALLOC */ /* * Provides 64-bit m
zstd-ruby,2.0.8,ext/zstdruby/libzstd/common/zstd_deps.h,9c77ea7d0afa8d5c868a7839e178a446a82d88eb75fd56f2fd7d9d96c5ab7c11,107,fprintf,unexpanded macro replacement tokens,"fprintf(stderr, __VA_ARGS__) #endif /* ZSTD_DEPS_IO */ #endif /* ZSTD_DEPS_NEED_IO */ /* Only requ"
zstd-ruby,2.0.8,ext/zstdruby/libzstd/dictBuilder/cover.c,2419631b20b0f4867d0f3c178fc4a3006d05f58e8ce3ce6657133f85ed40d683,72,fprintf,unexpanded macro replacement tokens,"fprintf(stderr, __VA_ARGS__); \ fflush(stderr);"
zstd-ruby,2.0.8,ext/zstdruby/libzstd/dictBuilder/fastcover.c,0b8b511e6370e89cb257d1a4b4d8e77add5537ffb999cfe5e7e59e454c93f38f,59,fprintf,unexpanded macro replacement tokens,"fprintf(stderr, __VA_ARGS__); \ fflush(stderr);"
zstd-ruby,2.0.8,ext/zstdruby/libzstd/dictBuilder/zdict.c,dbe57910c9d446bbf2195f31bdba5cffef2c80b93c0325e9df8c9ffa744b0aa3,77,fprintf,unexpanded macro replacement tokens,"fprintf(stderr, __VA_ARGS__); fflush( stderr ); } while (0) #undef DISPLAYLEVEL #define DISPLAYLEVE"
date,3.5.1,ext/date/date_strftime.c,301059344d51eaf0eaad910cec4178c7c601682be33610f9605a0113667b5315,98,memset,unexpanded macro replacement tokens,"memset(s, padding ? padding : ' ', precision - (i)); \ s += precision - (i); \ } \"
date,3.5.1,ext/date/date_strftime.c,301059344d51eaf0eaad910cec4178c7c601682be33610f9605a0113667b5315,110,snprintf,unexpanded macro replacement tokens,"snprintf(s, endp - s, \ ((padding == '0' || (!padding && (def_pad) == '0')) ? \ ""%0*""fm"
date,3.5.1,ext/date/date_strftime.c,301059344d51eaf0eaad910cec4178c7c601682be33610f9605a0113667b5315,128,memmove,unexpanded macro replacement tokens,"memmove(s + precision - i, s, i); \ memset(s, padding ? padding : ' ', precision - i); \ s +="
date,3.5.1,ext/date/date_strftime.c,301059344d51eaf0eaad910cec4178c7c601682be33610f9605a0113667b5315,129,memset,unexpanded macro replacement tokens,"memset(s, padding ? padding : ' ', precision - i); \ s += precision; \ } \ e"
date,3.5.1,ext/date/date_strftime.c,301059344d51eaf0eaad910cec4178c7c601682be33610f9605a0113667b5315,148,rb_str_format,unexpanded macro replacement tokens,"rb_str_format(2, args, rb_str_new2(""%0*""fmt)); \ else \ result = rb_str_format(2, args"
date,3.5.1,ext/date/date_strftime.c,301059344d51eaf0eaad910cec4178c7c601682be33610f9605a0113667b5315,150,rb_str_format,unexpanded macro replacement tokens,"rb_str_format(2, args, rb_str_new2(""%*""fmt)); \ l = strlcpy(s, StringValueCStr(result), endp - s);"
