entrypoint_id,edition,type,path,handler,action,saved_auth,filtered_csv_record_numbers_json,row_count,source_artifact,note
ep_008f625e17079f89a369965f,ee,rails_action,/o/:organization_path/*namespace_id/:project_id/-/wikis/*id,Projects::WikisController,show,conditional_anonymous,[354],1,gem_receiver_identifier_filter/filtered_matches.csv,existing entrypoints; repeated downstream rows do not add routes
ep_00b86a0bfaebf752cf2cc092,ee,rails_action,/o/:organization_path/*namespace_id/:id,ProjectsController,show,conditional_anonymous,[312],1,gem_receiver_identifier_filter/filtered_matches.csv,existing entrypoints; repeated downstream rows do not add routes
ep_00b9dd38708973386b113d62,ee,rails_action,/*namespace_id/:project_id/-/value_stream_analytics/events/production,Projects::CycleAnalytics::EventsController,production,conditional_anonymous,"[267,268]",2,gem_receiver_identifier_filter/filtered_matches.csv,existing entrypoints; repeated downstream rows do not add routes
ep_071cee3a3270e55dec79cca7,ee,rails_action,/*namespace_id/:project_id/-/issues/:id/descriptions/:version_id/diff,Projects::IssuesController,description_diff,conditional_anonymous,[249],1,gem_receiver_identifier_filter/filtered_matches.csv,existing entrypoints; repeated downstream rows do not add routes
ep_1099757422e5909eaa825c84,ee,rails_action,/o/:organization_path/*namespace_id/:project_id/-/merge_requests/:id/diffs,Projects::MergeRequestsController,diffs,conditional_anonymous,[333],1,gem_receiver_identifier_filter/filtered_matches.csv,existing entrypoints; repeated downstream rows do not add routes
ep_111f00f18629661c5a2edb4f,ee,rails_action,/o/:organization_path/*namespace_id/:project_id/-/value_stream_analytics/events/plan,Projects::CycleAnalytics::EventsController,plan,conditional_anonymous,"[344,345]",2,gem_receiver_identifier_filter/filtered_matches.csv,existing entrypoints; repeated downstream rows do not add routes
ep_12de8ec0693f0cc10fc51eb3,ce,rails_action,/*namespace_id/:project_id/-/wikis/*id,Projects::WikisController,show,conditional_anonymous,[78],1,gem_receiver_identifier_filter/filtered_matches.csv,existing entrypoints; repeated downstream rows do not add routes
ep_1bb60eb6cbb9e868757d9434,ee,rails_action,/o/:organization_path/*namespace_id/:project_id/-/value_stream_analytics/events/staging,Projects::CycleAnalytics::EventsController,staging,conditional_anonymous,"[350,351]",2,gem_receiver_identifier_filter/filtered_matches.csv,existing entrypoints; repeated downstream rows do not add routes
ep_205be2ebb74d837f23a15835,ee,rails_action,/*namespace_id/:project_id/-/value_stream_analytics/events/code,Projects::CycleAnalytics::EventsController,code,conditional_anonymous,"[261,262]",2,gem_receiver_identifier_filter/filtered_matches.csv,existing entrypoints; repeated downstream rows do not add routes
ep_20be2cb05cbb7fd89be537bd,ce,rails_action,/o/:organization_path/*namespace_id/:project_id/-/merge_requests/:id/context_commits,Projects::MergeRequestsController,context_commits,conditional_anonymous,"[116,117]",2,gem_receiver_identifier_filter/filtered_matches.csv,existing entrypoints; repeated downstream rows do not add routes
ep_21ecb175176e7710df31b71f,ce,rails_action,/*namespace_id/:project_id/-/value_stream_analytics/events/review,Projects::CycleAnalytics::EventsController,review,conditional_anonymous,"[72,73]",2,gem_receiver_identifier_filter/filtered_matches.csv,existing entrypoints; repeated downstream rows do not add routes
ep_2e414efd855299748225c777,ce,rails_action,/*namespace_id/:project_id/-/value_stream_analytics/events/staging,Projects::CycleAnalytics::EventsController,staging,conditional_anonymous,"[74,75]",2,gem_receiver_identifier_filter/filtered_matches.csv,existing entrypoints; repeated downstream rows do not add routes
ep_2fa0acfeb01defba5f4692ba,ce,rails_action,/*namespace_id/:project_id/-/value_stream_analytics/events/plan,Projects::CycleAnalytics::EventsController,plan,conditional_anonymous,"[68,69]",2,gem_receiver_identifier_filter/filtered_matches.csv,existing entrypoints; repeated downstream rows do not add routes
ep_3182c283c84340221872c109,ee,rails_action,/o/:organization_path/-/profile/update_username,ProfilesController,update_username,conditional_anonymous,[367],1,gem_receiver_identifier_filter/filtered_matches.csv,existing entrypoints; repeated downstream rows do not add routes
ep_36ad79378464658f3c7a0eec,ee,rails_action,/o/:organization_path/-/user_settings/integration_accounts/deny,Profiles::ChatNamesController,deny,conditional_anonymous,[372],1,gem_receiver_identifier_filter/filtered_matches.csv,existing entrypoints; repeated downstream rows do not add routes
ep_39966a8faef1da3ecef4b292,ee,rails_action,/-/invites/:id/decline,InvitesController,decline,conditional_anonymous,[277],1,gem_receiver_identifier_filter/filtered_matches.csv,existing entrypoints; repeated downstream rows do not add routes
ep_3fc7f4226bcd8ba3f94bbbfa,ee,rails_action,/-/profile/update_username,ProfilesController,update_username,unauthenticated,[288],1,gem_receiver_identifier_filter/filtered_matches.csv,existing entrypoints; repeated downstream rows do not add routes
ep_40de4cf1d3cfcda1bd177bf3,ce,rails_action,/*namespace_id/:project_id/-/value_stream_analytics/events/production,Projects::CycleAnalytics::EventsController,production,conditional_anonymous,"[70,71]",2,gem_receiver_identifier_filter/filtered_matches.csv,existing entrypoints; repeated downstream rows do not add routes
ep_49bd105d9f007037ce59e024,ce,rails_action,/o/:organization_path/*namespace_id/:project_id/-/value_stream_analytics/events/code,Projects::CycleAnalytics::EventsController,code,conditional_anonymous,"[125,126]",2,gem_receiver_identifier_filter/filtered_matches.csv,existing entrypoints; repeated downstream rows do not add routes
ep_4b2ebbf74c36d86326a65150,ee,rails_action,/o/:organization_path/*namespace_id/:project_id/-/preview/*id,Projects::BlobController,preview,conditional_anonymous,[335],1,gem_receiver_identifier_filter/filtered_matches.csv,existing entrypoints; repeated downstream rows do not add routes
ep_4b66602caca4ac2b522b259a,ee,rails_action,/*namespace_id/:project_id/-/merge_requests/:id/context_commits,Projects::MergeRequestsController,context_commits,conditional_anonymous,"[251,252]",2,gem_receiver_identifier_filter/filtered_matches.csv,existing entrypoints; repeated downstream rows do not add routes
ep_582e9bea96fc787d2ce6e2aa,ee,rails_action,/o/:organization_path/*namespace_id/:project_id/-/analytics/value_stream_analytics/summary,Projects::Analytics::CycleAnalytics::SummaryController,show,conditional_anonymous,"[314,315]",2,gem_receiver_identifier_filter/filtered_matches.csv,existing entrypoints; repeated downstream rows do not add routes
ep_5925fb1877a4f4fd59b34358,ce,rails_action,/-/invites/:id/decline,InvitesController,decline,conditional_anonymous,[80],1,gem_receiver_identifier_filter/filtered_matches.csv,existing entrypoints; repeated downstream rows do not add routes
ep_673ee3e130f7cc36627b28d8,ee,rails_action,/o/:organization_path/*namespace_id/:project_id/-/value_stream_analytics/events/test,Projects::CycleAnalytics::EventsController,test,conditional_anonymous,"[352,353]",2,gem_receiver_identifier_filter/filtered_matches.csv,existing entrypoints; repeated downstream rows do not add routes
ep_6882c64d60ec202ae8e47ddb,ce,rails_action,/*namespace_id/:project_id/-/preview/*id,Projects::BlobController,preview,conditional_anonymous,[59],1,gem_receiver_identifier_filter/filtered_matches.csv,existing entrypoints; repeated downstream rows do not add routes
ep_69034236c5ec08908192b78d,ee,rails_action,/*namespace_id/:project_id/-/wikis/*id,Projects::WikisController,show,conditional_anonymous,[275],1,gem_receiver_identifier_filter/filtered_matches.csv,existing entrypoints; repeated downstream rows do not add routes
ep_745f0356126037d90dc591f4,ce,rails_action,/*namespace_id/:project_id/-/analytics/value_stream_analytics/summary,Projects::Analytics::CycleAnalytics::SummaryController,show,conditional_anonymous,"[40,41]",2,gem_receiver_identifier_filter/filtered_matches.csv,existing entrypoints; repeated downstream rows do not add routes
ep_74b2060f0f807593ad9ed335,ce,rails_action,/*namespace_id/:project_id/-/merge_requests/:id/diffs,Projects::MergeRequestsController,diffs,conditional_anonymous,[57],1,gem_receiver_identifier_filter/filtered_matches.csv,existing entrypoints; repeated downstream rows do not add routes
ep_766442efa56d2384538b110f,ee,rails_action,/*namespace_id/:project_id/-/value_stream_analytics/events/test,Projects::CycleAnalytics::EventsController,test,conditional_anonymous,"[273,274]",2,gem_receiver_identifier_filter/filtered_matches.csv,existing entrypoints; repeated downstream rows do not add routes
ep_7961ed0126964cf44246e807,ee,rails_action,/o/:organization_path/*namespace_id/:project_id/-/value_stream_analytics/events/issue,Projects::CycleAnalytics::EventsController,issue,conditional_anonymous,"[342,343]",2,gem_receiver_identifier_filter/filtered_matches.csv,existing entrypoints; repeated downstream rows do not add routes
ep_79e7c2b529bb6d5953c15c6a,ce,rails_action,/*namespace_id/:project_id/-/value_stream_analytics/events/test,Projects::CycleAnalytics::EventsController,test,conditional_anonymous,"[76,77]",2,gem_receiver_identifier_filter/filtered_matches.csv,existing entrypoints; repeated downstream rows do not add routes
ep_7c38202b7afa059fb2c3ea06,ce,rails_action,/o/:organization_path/*namespace_id/:project_id/-/value_stream_analytics/events/issue,Projects::CycleAnalytics::EventsController,issue,conditional_anonymous,"[127,128]",2,gem_receiver_identifier_filter/filtered_matches.csv,existing entrypoints; repeated downstream rows do not add routes
ep_7dcaf0e2edb3680db3d5608d,ee,rails_action,/*namespace_id/:project_id/-/analytics/value_stream_analytics/summary,Projects::Analytics::CycleAnalytics::SummaryController,show,conditional_anonymous,"[235,236]",2,gem_receiver_identifier_filter/filtered_matches.csv,existing entrypoints; repeated downstream rows do not add routes
ep_7f055cd4c20b7bda1f5d9160,ee,rails_action,/*namespace_id/:id,ProjectsController,show,conditional_anonymous,[233],1,gem_receiver_identifier_filter/filtered_matches.csv,existing entrypoints; repeated downstream rows do not add routes
ep_7fa652327785ec3e03ae7085,ce,rails_action,/*namespace_id/:project_id/-/value_stream_analytics/events/code,Projects::CycleAnalytics::EventsController,code,conditional_anonymous,"[64,65]",2,gem_receiver_identifier_filter/filtered_matches.csv,existing entrypoints; repeated downstream rows do not add routes
ep_8134918a6b7232fd6ce4b471,ce,rails_action,/o/:organization_path/*namespace_id/:project_id/-/merge_requests/:id/diffs,Projects::MergeRequestsController,diffs,conditional_anonymous,[118],1,gem_receiver_identifier_filter/filtered_matches.csv,existing entrypoints; repeated downstream rows do not add routes
ep_828be6b864e40eef91fb2fdc,ee,rails_action,/-/user_settings/integration_accounts/deny,Profiles::ChatNamesController,deny,unauthenticated,[293],1,gem_receiver_identifier_filter/filtered_matches.csv,existing entrypoints; repeated downstream rows do not add routes
ep_83b1bb7309e2cc4e63cb8543,ee,rails_action,/o/:organization_path/*namespace_id/:project_id/-/merge_requests/:id/descriptions/:version_id/diff,Projects::MergeRequestsController,description_diff,conditional_anonymous,[332],1,gem_receiver_identifier_filter/filtered_matches.csv,existing entrypoints; repeated downstream rows do not add routes
ep_8401f6b781f03d67f22a2bff,ee,rails_action,/*namespace_id/:project_id/-/merge_requests/:id/descriptions/:version_id/diff,Projects::MergeRequestsController,description_diff,conditional_anonymous,[253],1,gem_receiver_identifier_filter/filtered_matches.csv,existing entrypoints; repeated downstream rows do not add routes
ep_86b4dbedd2ec5baec8d3d939,ce,rails_action,/-/profile/update_username,ProfilesController,update_username,unauthenticated,[89],1,gem_receiver_identifier_filter/filtered_matches.csv,existing entrypoints; repeated downstream rows do not add routes
ep_8749a28e992873c9fb6a46e5,ee,rails_action,/*namespace_id/:project_id/-/value_stream_analytics/events/issue,Projects::CycleAnalytics::EventsController,issue,conditional_anonymous,"[263,264]",2,gem_receiver_identifier_filter/filtered_matches.csv,existing entrypoints; repeated downstream rows do not add routes
ep_87dc5349ff84bd27dee53bf0,ce,rails_action,/*namespace_id/:id,ProjectsController,show,conditional_anonymous,[39],1,gem_receiver_identifier_filter/filtered_matches.csv,existing entrypoints; repeated downstream rows do not add routes
ep_8838f5934591d3bd1ccb502c,ee,rails_action,/*namespace_id/:project_id/-/value_stream_analytics,Projects::CycleAnalyticsController,show,conditional_anonymous,"[259,260]",2,gem_receiver_identifier_filter/filtered_matches.csv,existing entrypoints; repeated downstream rows do not add routes
ep_8cbac3b19dd088f1d9faad78,ce,rails_action,/o/:organization_path/*namespace_id/:project_id/-/value_stream_analytics,Projects::CycleAnalyticsController,show,conditional_anonymous,"[123,124]",2,gem_receiver_identifier_filter/filtered_matches.csv,existing entrypoints; repeated downstream rows do not add routes
ep_8eccbfe5ca0eb9f1c89bf452,ee,rails_action,/o/:organization_path/-/trials,GitlabSubscriptions::TrialsController,create,conditional_anonymous,[368],1,gem_receiver_identifier_filter/filtered_matches.csv,existing entrypoints; repeated downstream rows do not add routes
ep_90764bd26f088c7da7113407,ee,rails_action,/*namespace_id/:project_id/-/merge_requests/:id/diffs,Projects::MergeRequestsController,diffs,conditional_anonymous,[254],1,gem_receiver_identifier_filter/filtered_matches.csv,existing entrypoints; repeated downstream rows do not add routes
ep_908909d02b904e8eabc9c711,ce,rails_action,/o/:organization_path/-/profile/preferences,Profiles::PreferencesController,update,conditional_anonymous,[143],1,gem_receiver_identifier_filter/filtered_matches.csv,existing entrypoints; repeated downstream rows do not add routes
ep_923c2c0ea8f87baef9a3daf5,ee,rails_action,/o/:organization_path/*namespace_id/:project_id/-/value_stream_analytics/events/review,Projects::CycleAnalytics::EventsController,review,conditional_anonymous,"[348,349]",2,gem_receiver_identifier_filter/filtered_matches.csv,existing entrypoints; repeated downstream rows do not add routes
ep_94227b50c1a86c501d27297a,ce,rails_action,/o/:organization_path/*namespace_id/:project_id/-/wikis/*id,Projects::WikisController,show,conditional_anonymous,[139],1,gem_receiver_identifier_filter/filtered_matches.csv,existing entrypoints; repeated downstream rows do not add routes
ep_9a8bedabc52c9b18e761a49a,ee,rails_action,/*namespace_id/:project_id/-/value_stream_analytics/events/plan,Projects::CycleAnalytics::EventsController,plan,conditional_anonymous,"[265,266]",2,gem_receiver_identifier_filter/filtered_matches.csv,existing entrypoints; repeated downstream rows do not add routes
ep_a4b150d76fea8f199c04c44d,ce,rails_action,/o/:organization_path/*namespace_id/:project_id/-/analytics/value_stream_analytics/summary,Projects::Analytics::CycleAnalytics::SummaryController,show,conditional_anonymous,"[101,102]",2,gem_receiver_identifier_filter/filtered_matches.csv,existing entrypoints; repeated downstream rows do not add routes
ep_a585c66dcc1d697a998cd28c,ce,rails_action,/-/user_settings/integration_accounts/:id,Profiles::ChatNamesController,destroy,unauthenticated,[91],1,gem_receiver_identifier_filter/filtered_matches.csv,existing entrypoints; repeated downstream rows do not add routes
ep_a74efb367146e5fc25c07159,ce,rails_action,/o/:organization_path/*namespace_id/:project_id/-/value_stream_analytics/events/production,Projects::CycleAnalytics::EventsController,production,conditional_anonymous,"[131,132]",2,gem_receiver_identifier_filter/filtered_matches.csv,existing entrypoints; repeated downstream rows do not add routes
ep_a845870b40de17338560ed94,ce,rails_action,/o/:organization_path/-/user_settings/integration_accounts/:id,Profiles::ChatNamesController,destroy,conditional_anonymous,[152],1,gem_receiver_identifier_filter/filtered_matches.csv,existing entrypoints; repeated downstream rows do not add routes
ep_a9b064f3a647461d3c937a9f,ce,rails_action,/o/:organization_path/*namespace_id/:project_id/-/value_stream_analytics/events/review,Projects::CycleAnalytics::EventsController,review,conditional_anonymous,"[133,134]",2,gem_receiver_identifier_filter/filtered_matches.csv,existing entrypoints; repeated downstream rows do not add routes
ep_ad9860f294e01de229d8305c,ce,rails_action,/o/:organization_path/-/profile/update_username,ProfilesController,update_username,conditional_anonymous,[150],1,gem_receiver_identifier_filter/filtered_matches.csv,existing entrypoints; repeated downstream rows do not add routes
ep_af384db84c14ace894add4c2,ce,rails_action,/o/:organization_path/-/invites/:id/decline,InvitesController,decline,conditional_anonymous,[141],1,gem_receiver_identifier_filter/filtered_matches.csv,existing entrypoints; repeated downstream rows do not add routes
ep_b153d030cacb8df5666df631,ce,rails_action,/o/:organization_path/*namespace_id/:project_id/-/value_stream_analytics/events/plan,Projects::CycleAnalytics::EventsController,plan,conditional_anonymous,"[129,130]",2,gem_receiver_identifier_filter/filtered_matches.csv,existing entrypoints; repeated downstream rows do not add routes
ep_b1cc3a1080fbf619e5448c66,ee,rails_action,/*namespace_id/:project_id/-/value_stream_analytics/events/staging,Projects::CycleAnalytics::EventsController,staging,conditional_anonymous,"[271,272]",2,gem_receiver_identifier_filter/filtered_matches.csv,existing entrypoints; repeated downstream rows do not add routes
ep_b85dc00485df17197f77d77d,ee,rails_action,/-/user_settings/integration_accounts/:id,Profiles::ChatNamesController,destroy,unauthenticated,[292],1,gem_receiver_identifier_filter/filtered_matches.csv,existing entrypoints; repeated downstream rows do not add routes
ep_bb6ac9ac7d5a80ecfdb90660,ee,rails_action,/*namespace_id/:project_id/-/value_stream_analytics/events/review,Projects::CycleAnalytics::EventsController,review,conditional_anonymous,"[269,270]",2,gem_receiver_identifier_filter/filtered_matches.csv,existing entrypoints; repeated downstream rows do not add routes
ep_bdf612fffb99bab0918ccd7a,ee,rails_action,/o/:organization_path/-/profile/preferences,Profiles::PreferencesController,update,conditional_anonymous,[360],1,gem_receiver_identifier_filter/filtered_matches.csv,existing entrypoints; repeated downstream rows do not add routes
ep_beaa12bee645a3f2dd5f0b93,ce,rails_action,/*namespace_id/:project_id/-/value_stream_analytics,Projects::CycleAnalyticsController,show,conditional_anonymous,"[62,63]",2,gem_receiver_identifier_filter/filtered_matches.csv,existing entrypoints; repeated downstream rows do not add routes
ep_c5712a45a20be39d809b6fc2,ee,rails_action,/o/:organization_path/*namespace_id/:project_id/-/value_stream_analytics/events/production,Projects::CycleAnalytics::EventsController,production,conditional_anonymous,"[346,347]",2,gem_receiver_identifier_filter/filtered_matches.csv,existing entrypoints; repeated downstream rows do not add routes
ep_c624387ea4350d550a0f0e1f,ee,rails_action,/-/trials,GitlabSubscriptions::TrialsController,create,conditional_anonymous,[290],1,gem_receiver_identifier_filter/filtered_matches.csv,existing entrypoints; repeated downstream rows do not add routes
ep_c6e368cc21c230cfed4d6a92,ce,rails_action,/o/:organization_path/*namespace_id/:id,ProjectsController,show,conditional_anonymous,[100],1,gem_receiver_identifier_filter/filtered_matches.csv,existing entrypoints; repeated downstream rows do not add routes
ep_c9b652e027d62dcb96625f58,ce,rails_action,/-/profile/preferences,Profiles::PreferencesController,update,unauthenticated,[82],1,gem_receiver_identifier_filter/filtered_matches.csv,existing entrypoints; repeated downstream rows do not add routes
ep_ccad5059916b6b5a587812a8,ee,rails_action,/-/profile/preferences,Profiles::PreferencesController,update,unauthenticated,[281],1,gem_receiver_identifier_filter/filtered_matches.csv,existing entrypoints; repeated downstream rows do not add routes
ep_cf208c28f492153bee74f240,ce,rails_action,/o/:organization_path/*namespace_id/:project_id/-/value_stream_analytics/events/staging,Projects::CycleAnalytics::EventsController,staging,conditional_anonymous,"[135,136]",2,gem_receiver_identifier_filter/filtered_matches.csv,existing entrypoints; repeated downstream rows do not add routes
ep_dc5f1ad8b15da9258a0cbd75,ce,rails_action,/o/:organization_path/-/user_settings/integration_accounts/deny,Profiles::ChatNamesController,deny,conditional_anonymous,[153],1,gem_receiver_identifier_filter/filtered_matches.csv,existing entrypoints; repeated downstream rows do not add routes
ep_e265279f5aa70b049e8124f1,ce,rails_action,/*namespace_id/:project_id/-/value_stream_analytics/events/issue,Projects::CycleAnalytics::EventsController,issue,conditional_anonymous,"[66,67]",2,gem_receiver_identifier_filter/filtered_matches.csv,existing entrypoints; repeated downstream rows do not add routes
ep_e29cfcfa9277a3c5a0c6c111,ee,rails_action,/o/:organization_path/*namespace_id/:project_id/-/merge_requests/:id/context_commits,Projects::MergeRequestsController,context_commits,conditional_anonymous,"[330,331]",2,gem_receiver_identifier_filter/filtered_matches.csv,existing entrypoints; repeated downstream rows do not add routes
ep_e58d0967675937ad3f813531,ee,rails_action,/o/:organization_path/-/user_settings/integration_accounts/:id,Profiles::ChatNamesController,destroy,conditional_anonymous,[371],1,gem_receiver_identifier_filter/filtered_matches.csv,existing entrypoints; repeated downstream rows do not add routes
ep_e5fa8f4f135bbf16c5438ab6,ee,rails_action,/*namespace_id/:project_id/-/preview/*id,Projects::BlobController,preview,conditional_anonymous,[256],1,gem_receiver_identifier_filter/filtered_matches.csv,existing entrypoints; repeated downstream rows do not add routes
ep_e663d44fd6e6f6d304dc130c,ee,rails_action,/o/:organization_path/*namespace_id/:project_id/-/value_stream_analytics/events/code,Projects::CycleAnalytics::EventsController,code,conditional_anonymous,"[340,341]",2,gem_receiver_identifier_filter/filtered_matches.csv,existing entrypoints; repeated downstream rows do not add routes
ep_f50b88bac8e14f22055ce6ab,ce,rails_action,/o/:organization_path/*namespace_id/:project_id/-/preview/*id,Projects::BlobController,preview,conditional_anonymous,[120],1,gem_receiver_identifier_filter/filtered_matches.csv,existing entrypoints; repeated downstream rows do not add routes
ep_f88f23e3f2e31493e4449d72,ee,rails_action,/o/:organization_path/*namespace_id/:project_id/-/issues/:id/descriptions/:version_id/diff,Projects::IssuesController,description_diff,conditional_anonymous,[328],1,gem_receiver_identifier_filter/filtered_matches.csv,existing entrypoints; repeated downstream rows do not add routes
ep_f8d46e94f6bb4eda1179e79c,ce,rails_action,/*namespace_id/:project_id/-/merge_requests/:id/context_commits,Projects::MergeRequestsController,context_commits,conditional_anonymous,"[55,56]",2,gem_receiver_identifier_filter/filtered_matches.csv,existing entrypoints; repeated downstream rows do not add routes
ep_f8fc42129e729dabfa27c4e1,ce,rails_action,/-/user_settings/integration_accounts/deny,Profiles::ChatNamesController,deny,unauthenticated,[92],1,gem_receiver_identifier_filter/filtered_matches.csv,existing entrypoints; repeated downstream rows do not add routes
ep_f992172f5f2d1fb8063a3118,ee,rails_action,/o/:organization_path/-/invites/:id/decline,InvitesController,decline,conditional_anonymous,[356],1,gem_receiver_identifier_filter/filtered_matches.csv,existing entrypoints; repeated downstream rows do not add routes
ep_fac87de4e45c3aa24a94d0e8,ee,rails_action,/o/:organization_path/*namespace_id/:project_id/-/value_stream_analytics,Projects::CycleAnalyticsController,show,conditional_anonymous,"[338,339]",2,gem_receiver_identifier_filter/filtered_matches.csv,existing entrypoints; repeated downstream rows do not add routes
ep_fe31382095bf4589bd73de01,ce,rails_action,/o/:organization_path/*namespace_id/:project_id/-/value_stream_analytics/events/test,Projects::CycleAnalytics::EventsController,test,conditional_anonymous,"[137,138]",2,gem_receiver_identifier_filter/filtered_matches.csv,existing entrypoints; repeated downstream rows do not add routes
