id,edition,type,methods,path,handler,action,saved_auth,response_kind,gitlab_revision,registration_file,registration_line,registration_status,conditions_json,evidence_ids_json,gap_ids_json,callback_pipeline_id,action_sources_json,runtime_verified,source_artifact
ep_6793424a34e33c271dded2f9,ce,grape_endpoint,ANY,/api/v3/*path,API::API,ANY,unauthenticated,error_only,d75e5afaa21d45bc04139d4a538ea5954be1ef4f,lib/api/api.rb,64,mounted_grape_endpoint,"[{""kind"":""deployment"",""requirement"":""Ordinary routing, enabled features, valid request and deployed edition/configuration""},{""kind"":""url_prefix"",""requirement"":""Prepend the configured installation URL prefix to main-listener paths"",""setting"":""Gitlab.config.gitlab.relative_url_root""}]",[],[],,[],False,unauthenticated_entrypoints/entrypoints.json (error_only response)
ep_5b647c607e9e5e9797d7494e,ce,grape_endpoint,ANY,/api/v4/*path,API::API,ANY,unauthenticated,error_only,d75e5afaa21d45bc04139d4a538ea5954be1ef4f,lib/api/api.rb,485,mounted_grape_endpoint,"[{""kind"":""deployment"",""requirement"":""Ordinary routing, enabled features, valid request and deployed edition/configuration""},{""kind"":""url_prefix"",""requirement"":""Prepend the configured installation URL prefix to main-listener paths"",""setting"":""Gitlab.config.gitlab.relative_url_root""}]",[],[],,[],False,unauthenticated_entrypoints/entrypoints.json (error_only response)
ep_103b98b98f5764135f38d8bf,ce,http_registration,GET,/-/jira_connect,http_registration,,unauthenticated,error_only,d75e5afaa21d45bc04139d4a538ea5954be1ef4f,config/routes/jira_connect.rb,5,static_route,"[{""kind"":""deployment"",""requirement"":""Ordinary routing, enabled features, valid request and deployed edition/configuration""},{""kind"":""url_prefix"",""requirement"":""Prepend the configured installation URL prefix to main-listener paths"",""setting"":""Gitlab.config.gitlab.relative_url_root""}]",[],[],,[],False,unauthenticated_entrypoints/entrypoints.json (error_only response)
ep_6c357bc0b5ebbb3e93a1aab8,ce,http_registration,POST,/jwt/auth,http_registration,,unauthenticated,error_only,d75e5afaa21d45bc04139d4a538ea5954be1ef4f,config/routes.rb,110,static_route,"[{""kind"":""deployment"",""requirement"":""Ordinary routing, enabled features, valid request and deployed edition/configuration""},{""kind"":""url_prefix"",""requirement"":""Prepend the configured installation URL prefix to main-listener paths"",""setting"":""Gitlab.config.gitlab.relative_url_root""}]",[],[],,[],False,unauthenticated_entrypoints/entrypoints.json (error_only response)
ep_a380c54f5a122f5a5835acbd,ce,http_registration,GET,/o/:organization_path/-/jira_connect,http_registration,,conditional_anonymous,error_only,d75e5afaa21d45bc04139d4a538ea5954be1ef4f,config/routes/jira_connect.rb,5,static_route,"[{""end_line"":419,""expression"":""{\n        organization_path: Gitlab::PathRegex.organization_route_regex\n      }"",""file"":""config/routes.rb"",""kind"":""route_constraint"",""line"":407},{""kind"":""deployment"",""requirement"":""Ordinary routing, enabled features, valid request and deployed edition/configuration""},{""kind"":""url_prefix"",""requirement"":""Prepend the configured installation URL prefix to main-listener paths"",""setting"":""Gitlab.config.gitlab.relative_url_root""}]",[],[],,[],False,unauthenticated_entrypoints/entrypoints.json (error_only response)
ep_812700715def25fd18ba917e,ce,http_registration,POST,/o/:organization_path/jwt/auth,http_registration,,conditional_anonymous,error_only,d75e5afaa21d45bc04139d4a538ea5954be1ef4f,config/routes.rb,110,static_route,"[{""end_line"":419,""expression"":""{\n        organization_path: Gitlab::PathRegex.organization_route_regex\n      }"",""file"":""config/routes.rb"",""kind"":""route_constraint"",""line"":407},{""kind"":""deployment"",""requirement"":""Ordinary routing, enabled features, valid request and deployed edition/configuration""},{""kind"":""url_prefix"",""requirement"":""Prepend the configured installation URL prefix to main-listener paths"",""setting"":""Gitlab.config.gitlab.relative_url_root""}]",[],[],,[],False,unauthenticated_entrypoints/entrypoints.json (error_only response)
ep_c58c24cc1eeb47fc8a272b77,ee,grape_endpoint,ANY,/api/v3/*path,API::API,ANY,unauthenticated,error_only,d75e5afaa21d45bc04139d4a538ea5954be1ef4f,lib/api/api.rb,64,mounted_grape_endpoint,"[{""kind"":""deployment"",""requirement"":""Ordinary routing, enabled features, valid request and deployed edition/configuration""},{""kind"":""url_prefix"",""requirement"":""Prepend the configured installation URL prefix to main-listener paths"",""setting"":""Gitlab.config.gitlab.relative_url_root""}]",[],[],,[],False,unauthenticated_entrypoints/entrypoints.json (error_only response)
ep_b8291b7ae62546653d1ecab4,ee,grape_endpoint,ANY,/api/v4/*path,API::API,ANY,unauthenticated,error_only,d75e5afaa21d45bc04139d4a538ea5954be1ef4f,lib/api/api.rb,485,mounted_grape_endpoint,"[{""kind"":""deployment"",""requirement"":""Ordinary routing, enabled features, valid request and deployed edition/configuration""},{""kind"":""url_prefix"",""requirement"":""Prepend the configured installation URL prefix to main-listener paths"",""setting"":""Gitlab.config.gitlab.relative_url_root""}]",[],[],,[],False,unauthenticated_entrypoints/entrypoints.json (error_only response)
ep_3f1cbea8bb1d6f58a80cf724,ee,http_registration,GET,/-/jira_connect,http_registration,,unauthenticated,error_only,d75e5afaa21d45bc04139d4a538ea5954be1ef4f,config/routes/jira_connect.rb,5,static_route,"[{""kind"":""deployment"",""requirement"":""Ordinary routing, enabled features, valid request and deployed edition/configuration""},{""kind"":""url_prefix"",""requirement"":""Prepend the configured installation URL prefix to main-listener paths"",""setting"":""Gitlab.config.gitlab.relative_url_root""}]",[],[],,[],False,unauthenticated_entrypoints/entrypoints.json (error_only response)
ep_49ff270b9f573c1c9560c746,ee,http_registration,POST,/jwt/auth,http_registration,,unauthenticated,error_only,d75e5afaa21d45bc04139d4a538ea5954be1ef4f,config/routes.rb,110,static_route,"[{""kind"":""deployment"",""requirement"":""Ordinary routing, enabled features, valid request and deployed edition/configuration""},{""kind"":""url_prefix"",""requirement"":""Prepend the configured installation URL prefix to main-listener paths"",""setting"":""Gitlab.config.gitlab.relative_url_root""}]",[],[],,[],False,unauthenticated_entrypoints/entrypoints.json (error_only response)
ep_704cf5bb955abd5941863819,ee,http_registration,GET,/o/:organization_path/-/jira_connect,http_registration,,conditional_anonymous,error_only,d75e5afaa21d45bc04139d4a538ea5954be1ef4f,config/routes/jira_connect.rb,5,static_route,"[{""end_line"":419,""expression"":""{\n        organization_path: Gitlab::PathRegex.organization_route_regex\n      }"",""file"":""config/routes.rb"",""kind"":""route_constraint"",""line"":407},{""kind"":""deployment"",""requirement"":""Ordinary routing, enabled features, valid request and deployed edition/configuration""},{""kind"":""url_prefix"",""requirement"":""Prepend the configured installation URL prefix to main-listener paths"",""setting"":""Gitlab.config.gitlab.relative_url_root""}]",[],[],,[],False,unauthenticated_entrypoints/entrypoints.json (error_only response)
ep_eb30b10392c2e805be423159,ee,http_registration,POST,/o/:organization_path/jwt/auth,http_registration,,conditional_anonymous,error_only,d75e5afaa21d45bc04139d4a538ea5954be1ef4f,config/routes.rb,110,static_route,"[{""end_line"":419,""expression"":""{\n        organization_path: Gitlab::PathRegex.organization_route_regex\n      }"",""file"":""config/routes.rb"",""kind"":""route_constraint"",""line"":407},{""kind"":""deployment"",""requirement"":""Ordinary routing, enabled features, valid request and deployed edition/configuration""},{""kind"":""url_prefix"",""requirement"":""Prepend the configured installation URL prefix to main-listener paths"",""setting"":""Gitlab.config.gitlab.relative_url_root""}]",[],[],,[],False,unauthenticated_entrypoints/entrypoints.json (error_only response)
