entrypoint_id,class_or_field,action,entrypoint_status,reviewed_auth,api_status,baseline_qualified,newly_qualified,qualified_site_count,supported_api_ids,original_supported,original_rejected,original_unresolved,gaps
rails_action:Groups::Epics::NotesController:index:ee/config/routes/group.rb:179,Groups::Epics::NotesController,index,registered_action,unknown,unresolved,False,False,0,,0,6,4,61
rails_action:Groups::EpicsController:description_diff:ee/config/routes/group.rb:171,Groups::EpicsController,description_diff,registered_action,unknown,unresolved,False,False,0,,0,2,2,18
rails_action:Groups::EpicsController:discussions:ee/config/routes/group.rb:173,Groups::EpicsController,discussions,registered_action,unknown,unresolved,False,False,0,,0,9,6,108
rails_action:Groups::EpicsController:realtime_changes:ee/config/routes/group.rb:174,Groups::EpicsController,realtime_changes,registered_action,unknown,unresolved,False,False,0,,0,1,2,19
rails_action:Groups::MilestonesController:issues:config/routes/group.rb:115,Groups::MilestonesController,issues,registered_action,unknown,unresolved,False,False,0,,0,3,1,4
rails_action:Groups::MilestonesController:labels:config/routes/group.rb:118,Groups::MilestonesController,labels,registered_action,unknown,unresolved,False,False,0,,0,1,1,6
rails_action:Groups::MilestonesController:merge_requests:config/routes/group.rb:116,Groups::MilestonesController,merge_requests,registered_action,unknown,unresolved,False,False,0,,0,3,1,5
rails_action:Groups::MilestonesController:participants:config/routes/group.rb:117,Groups::MilestonesController,participants,registered_action,unknown,original_matches_rejected,False,False,0,,0,1,0,3
rails_action:Groups::Security::CredentialsController:destroy:ee/config/routes/group.rb:237,Groups::Security::CredentialsController,destroy,registered_action,unknown,original_matches_rejected,False,False,0,,0,2,0,9
rails_action:Groups::Security::CredentialsController:index:ee/config/routes/group.rb:237,Groups::Security::CredentialsController,index,registered_action,unknown,unresolved,False,False,0,,0,1,1,113
rails_action:Groups::Security::CredentialsController:revoke:ee/config/routes/group.rb:242,Groups::Security::CredentialsController,revoke,registered_action,unknown,original_matches_rejected,False,False,0,,0,3,0,27
rails_action:Groups::Settings::AccessTokensController:create:config/routes/group.rb:65,Groups::Settings::AccessTokensController,create,registered_action,unknown,unresolved,False,False,0,,0,6,4,109
rails_action:Groups::Settings::AccessTokensController:inactive:config/routes/group.rb:72,Groups::Settings::AccessTokensController,inactive,registered_action,unknown,original_matches_rejected,False,False,0,,0,1,0,27
rails_action:Groups::Settings::AccessTokensController:index:config/routes/group.rb:65,Groups::Settings::AccessTokensController,index,registered_action,unknown,unresolved,False,False,0,,0,2,1,15
rails_action:Groups::Settings::AccessTokensController:revoke:config/routes/group.rb:67,Groups::Settings::AccessTokensController,revoke,registered_action,unknown,unresolved,False,False,0,,0,2,1,41
rails_action:Groups::Settings::AccessTokensController:rotate:config/routes/group.rb:68,Groups::Settings::AccessTokensController,rotate,registered_action,unknown,unresolved,False,False,0,,0,2,1,6
rails_action:Groups::UploadsController:show:config/routes/group.rb:153,Groups::UploadsController,show,registered_action,unknown,supported,True,False,2,api_0837be9e7d0abe09698b3e70;api_102960adecf11d6321a91503;api_dd4f57edb406af0a9f3e7f1b,2,5,15,79
rails_action:Projects::ProjectMembersController:leave:config/routes/project.rb:192,Projects::ProjectMembersController,leave,registered_action,unknown,unresolved,False,False,0,,0,2,1,114
rails_action:Projects::Settings::AccessTokensController:create:config/routes/project.rb:157,Projects::Settings::AccessTokensController,create,registered_action,unknown,unresolved,False,False,0,,0,6,4,109
rails_action:Projects::Settings::AccessTokensController:inactive:config/routes/project.rb:164,Projects::Settings::AccessTokensController,inactive,registered_action,unknown,original_matches_rejected,False,False,0,,0,1,0,27
rails_action:Projects::Settings::AccessTokensController:index:config/routes/project.rb:157,Projects::Settings::AccessTokensController,index,registered_action,unknown,unresolved,False,False,0,,0,2,1,15
rails_action:Projects::Settings::AccessTokensController:revoke:config/routes/project.rb:159,Projects::Settings::AccessTokensController,revoke,registered_action,unknown,unresolved,False,False,0,,0,2,1,41
rails_action:Projects::Settings::AccessTokensController:rotate:config/routes/project.rb:160,Projects::Settings::AccessTokensController,rotate,registered_action,unknown,unresolved,False,False,0,,0,2,1,6
rails_action:Projects::UploadsController:show:config/routes/project.rb:622,Projects::UploadsController,show,registered_action,unknown,supported,True,False,2,api_0837be9e7d0abe09698b3e70;api_102960adecf11d6321a91503;api_dd4f57edb406af0a9f3e7f1b,2,5,15,79
rails_action:Users::RegistrationsIdentityVerificationController:send_phone_verification_code:ee/config/routes/identity_verification.rb:8,Users::RegistrationsIdentityVerificationController,send_phone_verification_code,registered_action,unknown,unresolved,False,False,0,,0,10,7,232
rails_action:Users::RegistrationsIdentityVerificationController:toggle_phone_exemption:ee/config/routes/identity_verification.rb:11,Users::RegistrationsIdentityVerificationController,toggle_phone_exemption,registered_action,unknown,unresolved,False,False,0,,0,6,5,80
rails_action:Users::RegistrationsIdentityVerificationController:verification_state:ee/config/routes/identity_verification.rb:5,Users::RegistrationsIdentityVerificationController,verification_state,registered_action,unknown,unresolved,False,False,0,,0,3,1,14
rails_action:Users::RegistrationsIdentityVerificationController:verify_credit_card:ee/config/routes/identity_verification.rb:13,Users::RegistrationsIdentityVerificationController,verify_credit_card,registered_action,unknown,unresolved,False,False,0,,0,12,5,146
rails_action:Users::RegistrationsIdentityVerificationController:verify_credit_card_captcha:ee/config/routes/identity_verification.rb:14,Users::RegistrationsIdentityVerificationController,verify_credit_card_captcha,registered_action,unknown,original_matches_rejected,False,False,0,,0,2,0,11
rails_action:Users::RegistrationsIdentityVerificationController:verify_phone_verification_code:ee/config/routes/identity_verification.rb:9,Users::RegistrationsIdentityVerificationController,verify_phone_verification_code,registered_action,unknown,unresolved,False,False,0,,0,9,5,160
rails_action:app/controllers/achievements/awarded_achievements_controller.rb:12:5:accept,Achievements::AwardedAchievementsController,accept,registered_action,unauthenticated,original_matches_rejected,False,False,0,,0,4,0,10
rails_action:app/controllers/activity_pub/application_controller.rb:13:5:can?,ActivityPub::ApplicationController,can?,public_method_registration_unresolved,unauthenticated,unresolved,False,False,0,,0,0,3,31
rails_action:app/controllers/activity_pub/application_controller.rb:25:5:ensure_feature_flag,ActivityPub::ApplicationController,ensure_feature_flag,public_method_registration_unresolved,unauthenticated,unresolved,False,False,0,,0,3,1,46
rails_action:app/controllers/activity_pub/projects/releases_controller.rb:10:7:index,ActivityPub::Projects::ReleasesController,index,registered_action,unauthenticated,original_matches_rejected,False,False,0,,0,2,0,3
rails_action:app/controllers/activity_pub/projects/releases_controller.rb:19:7:inbox,ActivityPub::Projects::ReleasesController,inbox,registered_action,unauthenticated,original_matches_rejected,False,False,0,,0,1,0,2
rails_action:app/controllers/activity_pub/projects/releases_controller.rb:29:7:outbox,ActivityPub::Projects::ReleasesController,outbox,registered_action,unauthenticated,original_matches_rejected,False,False,0,,0,4,0,52
rails_action:app/controllers/admin/initial_setup_controller.rb:18:5:update,Admin::InitialSetupController,update,registered_action,unknown,unresolved,False,False,0,,0,5,6,90
rails_action:app/controllers/autocomplete_controller.rb:22:3:users,AutocompleteController,users,public_method_registration_unresolved,unauthenticated,unresolved,False,False,0,,0,7,6,57
rails_action:app/controllers/autocomplete_controller.rb:63:3:award_emojis,AutocompleteController,award_emojis,public_method_registration_unresolved,unauthenticated,unresolved,False,False,0,,0,3,2,11
rails_action:app/controllers/autocomplete_controller.rb:67:3:merge_request_target_branches,AutocompleteController,merge_request_target_branches,public_method_registration_unresolved,unauthenticated,unresolved,False,False,0,,0,5,3,149
rails_action:app/controllers/autocomplete_controller.rb:71:3:merge_request_source_branches,AutocompleteController,merge_request_source_branches,public_method_registration_unresolved,unauthenticated,unresolved,False,False,0,,0,5,3,149
rails_action:app/controllers/banzai/diagram_proxy_controller.rb:19:5:proxy,Banzai::DiagramProxyController,proxy,registered_action,unknown,supported,False,True,3,api_099cb3aa39ca546bcdfa8dce;api_17974e869733ac80ebe65bb5;api_1b3bb083069a3a89ba615ee9;api_448b55231929317d8e597916;api_82c3e5bdcb6e15118548b593;api_d255bca9e60441278aa5130a,0,9,10,73
rails_action:app/controllers/external_redirect/external_redirect_controller.rb:9:5:index,ExternalRedirect::ExternalRedirectController,index,registered_action,unauthenticated,unresolved,False,False,0,,0,2,1,7
rails_action:app/controllers/groups/autocomplete_sources_controller.rb:12:3:members,Groups::AutocompleteSourcesController,members,registered_action,unknown,unresolved,False,False,0,,0,5,3,115
rails_action:app/controllers/groups/autocomplete_sources_controller.rb:16:3:issues,Groups::AutocompleteSourcesController,issues,registered_action,unknown,original_matches_rejected,False,False,0,,0,1,0,149
rails_action:app/controllers/groups/autocomplete_sources_controller.rb:26:3:merge_requests,Groups::AutocompleteSourcesController,merge_requests,registered_action,unknown,original_matches_rejected,False,False,0,,0,1,0,145
rails_action:app/controllers/groups/autocomplete_sources_controller.rb:30:3:labels,Groups::AutocompleteSourcesController,labels,registered_action,unknown,unresolved,False,False,0,,0,3,1,27
rails_action:app/controllers/groups/autocomplete_sources_controller.rb:34:3:commands,Groups::AutocompleteSourcesController,commands,registered_action,unknown,unresolved,False,False,0,,0,3,1,31
rails_action:app/controllers/groups/autocomplete_sources_controller.rb:38:3:milestones,Groups::AutocompleteSourcesController,milestones,registered_action,unknown,original_matches_rejected,False,False,0,,0,1,0,39
rails_action:app/controllers/groups/children_controller.rb:17:5:index,Groups::ChildrenController,index,registered_action,unknown,unresolved,False,False,0,,0,5,1,48
rails_action:app/controllers/groups/labels_controller.rb:17:3:index,Groups::LabelsController,index,registered_action,unknown,unresolved,False,False,0,,0,9,7,121
rails_action:app/controllers/groups/milestones_controller.rb:12:3:index,Groups::MilestonesController,index,registered_action,unknown,unresolved,False,False,0,,0,1,2,73
rails_action:app/controllers/groups/packages_controller.rb:13:5:show,Groups::PackagesController,show,registered_action,unknown,original_matches_rejected,False,False,0,,0,1,0,0
rails_action:app/controllers/groups/releases_controller.rb:8:5:index,Groups::ReleasesController,index,registered_action,unknown,unresolved,False,False,0,,0,3,1,30
rails_action:app/controllers/groups/runners_controller.rb:17:3:index,Groups::RunnersController,index,registered_action,unknown,unresolved,False,False,0,,0,6,2,100
rails_action:app/controllers/groups/step_up_auths_controller.rb:12:5:new,Groups::StepUpAuthsController,new,registered_action,unknown,original_matches_rejected,False,False,0,,0,1,0,83
rails_action:app/controllers/groups/work_items_controller.rb:13:5:@before_action,Groups::WorkItemsController,@before_action,callback_block,unknown,unresolved,False,False,0,,0,3,1,66
rails_action:app/controllers/groups/work_items_controller.rb:34:5:show,Groups::WorkItemsController,show,registered_action,unknown,original_matches_rejected,False,False,0,,0,3,0,188
rails_action:app/controllers/groups/work_items_controller.rb:41:5:rss,Groups::WorkItemsController,rss,registered_action,unknown,original_matches_rejected,False,False,0,,0,1,0,158
rails_action:app/controllers/groups_controller.rb:118:3:show,GroupsController,show,public_method_registration_unresolved,unknown,original_matches_rejected,False,False,0,,0,8,0,111
rails_action:app/controllers/groups_controller.rb:134:3:details,GroupsController,details,public_method_registration_unresolved,unknown,original_matches_rejected,False,False,0,,0,5,0,48
rails_action:app/controllers/groups_controller.rb:138:3:activity,GroupsController,activity,public_method_registration_unresolved,unknown,unresolved,False,False,0,,0,4,2,71
rails_action:app/controllers/groups_controller.rb:286:3:unfoldered_environment_names,GroupsController,unfoldered_environment_names,public_method_registration_unresolved,unknown,original_matches_rejected,False,False,0,,0,2,0,24
rails_action:app/controllers/groups_controller.rb:294:3:issues,GroupsController,issues,public_method_registration_unresolved,unknown,unresolved,False,False,0,,0,0,4,37
rails_action:app/controllers/invites_controller.rb:40:3:decline,InvitesController,decline,registered_action,unknown,unresolved,False,False,0,,0,2,1,13
rails_action:app/controllers/jira_connect/app_descriptor_controller.rb:13:3:show,JiraConnect::AppDescriptorController,show,registered_action,unauthenticated,unresolved,False,False,0,,0,1,1,4
rails_action:app/controllers/jira_connect/events_controller.rb:19:3:uninstalled,JiraConnect::EventsController,uninstalled,public_method_registration_unresolved,unknown,unresolved,False,False,0,,0,0,1,6
rails_action:app/controllers/jira_connect/events_controller.rb:9:3:installed,JiraConnect::EventsController,installed,public_method_registration_unresolved,unknown,unresolved,False,False,0,,0,1,3,18
rails_action:app/controllers/jira_connect/installations_controller.rb:4:3:index,JiraConnect::InstallationsController,index,registered_action,unknown,original_matches_rejected,False,False,0,,0,1,0,3
rails_action:app/controllers/jira_connect/installations_controller.rb:8:3:update,JiraConnect::InstallationsController,update,registered_action,unknown,original_matches_rejected,False,False,0,,0,3,0,15
rails_action:app/controllers/jira_connect/oauth_application_ids_controller.rb:9:5:show,JiraConnect::OauthApplicationIdsController,show,registered_action,unauthenticated,original_matches_rejected,False,False,0,,0,1,0,7
rails_action:app/controllers/jira_connect/public_keys_controller.rb:12:5:show,JiraConnect::PublicKeysController,show,registered_action,unknown,original_matches_rejected,False,False,0,,0,1,0,11
rails_action:app/controllers/jira_connect/repositories_controller.rb:12:5:associate,JiraConnect::RepositoriesController,associate,registered_action,unknown,original_matches_rejected,False,False,0,,0,2,0,3
rails_action:app/controllers/jira_connect/repositories_controller.rb:7:5:search,JiraConnect::RepositoriesController,search,registered_action,unknown,unresolved,False,False,0,,0,1,1,7
rails_action:app/controllers/jira_connect/subscriptions_controller.rb:34:3:index,JiraConnect::SubscriptionsController,index,registered_action,unknown,unresolved,False,False,0,,0,2,1,7
rails_action:app/controllers/jira_connect/subscriptions_controller.rb:45:3:destroy,JiraConnect::SubscriptionsController,destroy,registered_action,unknown,original_matches_rejected,False,False,0,,0,2,0,19
rails_action:app/controllers/jira_connect/workspaces_controller.rb:7:5:search,JiraConnect::WorkspacesController,search,registered_action,unknown,unresolved,False,False,0,,0,1,1,6
rails_action:app/controllers/oauth/dynamic_registrations_controller.rb:20:5:create,Oauth::DynamicRegistrationsController,create,registered_action,unauthenticated,supported,False,True,3,api_099cb3aa39ca546bcdfa8dce;api_17974e869733ac80ebe65bb5;api_1b3bb083069a3a89ba615ee9;api_448b55231929317d8e597916;api_82c3e5bdcb6e15118548b593;api_d255bca9e60441278aa5130a,0,11,7,59
rails_action:app/controllers/oauth/protected_resource_metadata_controller.rb:12:5:show,Oauth::ProtectedResourceMetadataController,show,registered_action,unauthenticated,original_matches_rejected,False,False,0,,0,2,0,3
rails_action:app/controllers/profiles/slacks_controller.rb:17:5:slack_link,Profiles::SlacksController,slack_link,registered_action,unauthenticated,unresolved,False,False,0,,0,1,3,13
rails_action:app/controllers/projects/alerting/notifications_controller.rb:20:7:create,Projects::Alerting::NotificationsController,create,registered_action,unknown,unresolved,False,False,0,,0,3,1,42
rails_action:app/controllers/projects/autocomplete_sources_controller.rb:18:3:members,Projects::AutocompleteSourcesController,members,registered_action,unknown,unresolved,False,False,0,,0,4,4,109
rails_action:app/controllers/projects/autocomplete_sources_controller.rb:22:3:issues,Projects::AutocompleteSourcesController,issues,registered_action,unknown,original_matches_rejected,False,False,0,,0,1,0,134
rails_action:app/controllers/projects/autocomplete_sources_controller.rb:26:3:merge_requests,Projects::AutocompleteSourcesController,merge_requests,registered_action,unknown,original_matches_rejected,False,False,0,,0,1,0,140
rails_action:app/controllers/projects/autocomplete_sources_controller.rb:30:3:labels,Projects::AutocompleteSourcesController,labels,registered_action,unknown,unresolved,False,False,0,,0,3,1,28
rails_action:app/controllers/projects/autocomplete_sources_controller.rb:38:3:commands,Projects::AutocompleteSourcesController,commands,registered_action,unknown,unresolved,False,False,0,,0,3,1,32
rails_action:app/controllers/projects/autocomplete_sources_controller.rb:42:3:snippets,Projects::AutocompleteSourcesController,snippets,registered_action,unknown,original_matches_rejected,False,False,0,,0,1,0,27
rails_action:app/controllers/projects/autocomplete_sources_controller.rb:50:3:wikis,Projects::AutocompleteSourcesController,wikis,registered_action,unknown,original_matches_rejected,False,False,0,,0,1,0,41
rails_action:app/controllers/projects/avatars_controller.rb:13:3:show,Projects::AvatarsController,show,registered_action,unknown,unresolved,False,False,0,,0,0,2,50
rails_action:app/controllers/projects/aws/base_controller.rb:12:7:admin_project_aws!,Projects::Aws::BaseController,admin_project_aws!,public_method_registration_unresolved,unknown,unresolved,False,False,0,,0,2,1,83
rails_action:app/controllers/projects/aws/base_controller.rb:19:7:feature_flag_enabled!,Projects::Aws::BaseController,feature_flag_enabled!,public_method_registration_unresolved,unknown,unresolved,False,False,0,,0,5,2,99
rails_action:app/controllers/projects/aws/base_controller.rb:28:7:track_event,Projects::Aws::BaseController,track_event,public_method_registration_unresolved,unknown,unresolved,False,False,0,,0,6,3,80
rails_action:app/controllers/projects/aws/configuration_controller.rb:6:7:index,Projects::Aws::ConfigurationController,index,registered_action,unknown,unresolved,False,False,0,,0,3,2,62
rails_action:app/controllers/projects/badges_controller.rb:37:3:release,Projects::BadgesController,release,registered_action,unknown,original_matches_rejected,False,False,0,,0,2,0,23
rails_action:app/controllers/projects/badges_controller.rb:49:3:custom,Projects::BadgesController,custom,registered_action,unknown,original_matches_rejected,False,False,0,,0,2,0,23
rails_action:app/controllers/projects/ci/prometheus_metrics/histograms_controller.rb:11:9:create,Projects::Ci::PrometheusMetrics::HistogramsController,create,registered_action,unknown,unresolved,False,False,0,,0,3,2,29
rails_action:app/controllers/projects/discussions_controller.rb:27:3:show,Projects::DiscussionsController,show,registered_action,unknown,original_matches_rejected,False,False,0,,0,1,0,2
rails_action:app/controllers/projects/error_tracking/base_controller.rb:9:3:set_polling_interval,Projects::ErrorTracking::BaseController,set_polling_interval,public_method_registration_unresolved,unknown,unresolved,False,False,0,,0,0,1,4
rails_action:app/controllers/projects/google_cloud/configuration_controller.rb:6:7:index,Projects::GoogleCloud::ConfigurationController,index,registered_action,unknown,unresolved,False,False,0,,0,4,5,95
rails_action:app/controllers/projects/google_cloud/databases_controller.rb:27:7:new,Projects::GoogleCloud::DatabasesController,new,registered_action,unknown,unresolved,False,False,0,,0,4,3,124
rails_action:app/controllers/projects/google_cloud/databases_controller.rb:48:7:create,Projects::GoogleCloud::DatabasesController,create,registered_action,unknown,unresolved,False,False,0,,0,6,2,205
rails_action:app/controllers/projects/google_cloud/databases_controller.rb:9:7:index,Projects::GoogleCloud::DatabasesController,index,registered_action,unknown,unresolved,False,False,0,,0,4,5,132
rails_action:app/controllers/projects/google_cloud/deployments_controller.rb:18:3:cloud_run,Projects::GoogleCloud::DeploymentsController,cloud_run,registered_action,unknown,unresolved,False,False,0,,0,5,4,152
rails_action:app/controllers/projects/google_cloud/deployments_controller.rb:48:3:cloud_storage,Projects::GoogleCloud::DeploymentsController,cloud_storage,registered_action,unknown,original_matches_rejected,False,False,0,,0,1,0,39
rails_action:app/controllers/projects/google_cloud/deployments_controller.rb:6:3:index,Projects::GoogleCloud::DeploymentsController,index,registered_action,unknown,unresolved,False,False,0,,0,3,2,121
rails_action:app/controllers/projects/google_cloud/gcp_regions_controller.rb:22:3:index,Projects::GoogleCloud::GcpRegionsController,index,registered_action,unknown,unresolved,False,False,0,,0,3,2,82
rails_action:app/controllers/projects/google_cloud/gcp_regions_controller.rb:32:3:create,Projects::GoogleCloud::GcpRegionsController,create,registered_action,unknown,unresolved,False,False,0,,0,5,3,101
rails_action:app/controllers/projects/google_cloud/revoke_oauth_controller.rb:6:3:create,Projects::GoogleCloud::RevokeOauthController,create,registered_action,unknown,unresolved,False,False,0,,0,3,2,124
rails_action:app/controllers/projects/google_cloud/service_accounts_controller.rb:27:3:create,Projects::GoogleCloud::ServiceAccountsController,create,registered_action,unknown,unresolved,False,False,0,,0,8,4,199
rails_action:app/controllers/projects/google_cloud/service_accounts_controller.rb:6:3:index,Projects::GoogleCloud::ServiceAccountsController,index,registered_action,unknown,unresolved,False,False,0,,0,3,3,129
rails_action:app/controllers/projects/group_links_controller.rb:27:3:destroy,Projects::GroupLinksController,destroy,registered_action,unknown,unresolved,False,False,0,,0,2,5,62
rails_action:app/controllers/projects/issues_controller.rb:125:3:show,Projects::IssuesController,show,public_method_registration_unresolved,unknown,original_matches_rejected,False,False,0,,0,2,0,33
rails_action:app/controllers/projects/issues_controller.rb:141:3:edit,Projects::IssuesController,edit,public_method_registration_unresolved,unknown,unresolved,False,False,0,,0,0,2,28
rails_action:app/controllers/projects/issues_controller.rb:231:3:can_create_branch,Projects::IssuesController,can_create_branch,public_method_registration_unresolved,unknown,original_matches_rejected,False,False,0,,0,1,0,11
rails_action:app/controllers/projects/issues_controller.rb:284:3:discussions,Projects::IssuesController,discussions,public_method_registration_unresolved,unknown,unresolved,False,False,0,,0,0,1,5
rails_action:app/controllers/projects/issues_controller.rb:65:3:@before_action,Projects::IssuesController,@before_action,callback_block,unknown,unresolved,False,False,0,,0,3,1,67
rails_action:app/controllers/projects/issues_controller.rb:99:3:index,Projects::IssuesController,index,public_method_registration_unresolved,unknown,unresolved,False,False,0,,0,1,3,21
rails_action:app/controllers/projects/ml/experiments_controller.rb:18:7:show,Projects::Ml::ExperimentsController,show,registered_action,unknown,unresolved,False,False,0,,0,5,2,38
rails_action:app/controllers/projects/packages/package_files_controller.rb:11:7:download,Projects::Packages::PackageFilesController,download,registered_action,unknown,unresolved,False,False,0,,0,4,11,112
rails_action:app/controllers/projects/packages/packages_controller.rb:14:7:show,Projects::Packages::PackagesController,show,registered_action,unknown,original_matches_rejected,False,False,0,,0,1,0,0
rails_action:app/controllers/projects/project_members_controller.rb:15:3:index,Projects::ProjectMembersController,index,registered_action,unknown,original_matches_rejected,False,False,0,,0,5,0,50
rails_action:app/controllers/projects/security/configuration_controller.rb:11:7:show,Projects::Security::ConfigurationController,show,registered_action,unknown,original_matches_rejected,False,False,0,,0,1,0,45
rails_action:app/controllers/projects/snippets_controller.rb:19:3:index,Projects::SnippetsController,index,registered_action,unknown,unresolved,False,False,0,,0,3,4,65
rails_action:app/controllers/projects/starrers_controller.rb:10:3:index,Projects::StarrersController,index,registered_action,unknown,original_matches_rejected,False,False,0,,0,2,0,15
rails_action:app/controllers/projects/work_items_controller.rb:103:5:rss,Projects::WorkItemsController,rss,registered_action,unknown,original_matches_rejected,False,False,0,,0,1,0,1
rails_action:app/controllers/projects/work_items_controller.rb:13:5:@before_action,Projects::WorkItemsController,@before_action,callback_block,unknown,unresolved,False,False,0,,0,3,1,68
rails_action:app/controllers/projects_controller.rb:165:3:activity,ProjectsController,activity,registered_action,unknown,unresolved,False,False,0,,0,2,2,54
rails_action:app/controllers/projects_controller.rb:175:3:show,ProjectsController,show,registered_action,unknown,unresolved,False,False,0,,0,12,5,188
rails_action:app/controllers/projects_controller.rb:413:3:unfoldered_environment_names,ProjectsController,unfoldered_environment_names,registered_action,unknown,original_matches_rejected,False,False,0,,0,2,0,22
rails_action:app/controllers/root_controller.rb:45:3:index,RootController,index,public_method_registration_unresolved,unknown,unresolved,False,False,0,,0,4,6,135
rails_action:app/controllers/sandbox_controller.rb:14:3:mermaid_v11,SandboxController,mermaid_v11,registered_action,unauthenticated,original_matches_rejected,False,False,0,,0,2,0,3
rails_action:app/controllers/sandbox_controller.rb:18:3:swagger,SandboxController,swagger,registered_action,unauthenticated,original_matches_rejected,False,False,0,,0,2,0,3
rails_action:app/controllers/sent_notifications_controller.rb:16:3:unsubscribe,SentNotificationsController,unsubscribe,registered_action,unauthenticated,unresolved,False,False,0,,0,4,1,121
rails_action:app/controllers/terraform/services_controller.rb:8:3:index,Terraform::ServicesController,index,registered_action,unauthenticated,original_matches_rejected,False,False,0,,0,2,0,3
rails_action:app/controllers/uploads_controller.rb:125:3:upload_mount_satisfied?,UploadsController,upload_mount_satisfied?,public_method_registration_unresolved,unknown,unresolved,False,False,0,,0,1,1,5
rails_action:app/controllers/uploads_controller.rb:51:3:authorized?,UploadsController,authorized?,public_method_registration_unresolved,unknown,unresolved,False,False,0,,0,1,1,35
rails_action:app/controllers/uploads_controller.rb:80:3:authorize_access!,UploadsController,authorize_access!,public_method_registration_unresolved,unknown,original_matches_rejected,False,False,0,,0,3,0,36
rails_action:app/controllers/uploads_controller.rb:84:3:authorize_create_access!,UploadsController,authorize_create_access!,public_method_registration_unresolved,unknown,unresolved,False,False,0,,0,2,1,37
rails_action:app/controllers/uploads_controller.rb:96:3:render_unauthorized,UploadsController,render_unauthorized,public_method_registration_unresolved,unknown,original_matches_rejected,False,False,0,,0,3,0,9
rails_action:app/controllers/users/redirect_controller.rb:9:5:redirect_from_id,Users::RedirectController,redirect_from_id,registered_action,unauthenticated,original_matches_rejected,False,False,0,,0,2,0,7
rails_action:app/controllers/users_controller.rb:100:3:gpg_keys,UsersController,gpg_keys,registered_action,unknown,original_matches_rejected,False,False,0,,0,2,0,48
rails_action:app/controllers/users_controller.rb:149:3:present_projects,UsersController,present_projects,public_method_registration_unresolved,unknown,unresolved,False,False,0,,0,5,2,8
rails_action:app/controllers/users_controller.rb:229:3:exists,UsersController,exists,public_method_registration_unresolved,unknown,original_matches_rejected,False,False,0,,0,3,0,9
rails_action:app/controllers/users_controller.rb:237:3:follow,UsersController,follow,public_method_registration_unresolved,unknown,unresolved,False,False,0,,0,0,1,52
rails_action:app/controllers/users_controller.rb:251:3:unfollow,UsersController,unfollow,public_method_registration_unresolved,unknown,unresolved,False,False,0,,0,1,4,12
rails_action:app/controllers/users_controller.rb:26:3:@prepend_before_action,UsersController,@prepend_before_action,callback_block,unknown,unresolved,False,False,0,,0,0,1,198
rails_action:app/controllers/users_controller.rb:32:3:@before_action,UsersController,@before_action,callback_block,unknown,original_matches_rejected,False,False,0,,0,1,0,81
rails_action:app/controllers/users_controller.rb:47:3:show,UsersController,show,public_method_registration_unresolved,unknown,unresolved,False,False,0,,0,6,2,126
rails_action:app/controllers/users_controller.rb:66:3:ssh_keys,UsersController,ssh_keys,registered_action,unknown,original_matches_rejected,False,False,0,,0,2,0,45
rails_action:app/controllers/users_controller.rb:72:3:activity,UsersController,activity,public_method_registration_unresolved,unknown,unresolved,False,False,0,,0,8,4,140
rails_action:app/controllers/well_known_controller.rb:11:3:security_txt,WellKnownController,security_txt,registered_action,unauthenticated,original_matches_rejected,False,False,0,,0,3,0,50
rails_action:app/controllers/whats_new_controller.rb:14:3:index,WhatsNewController,index,registered_action,unauthenticated,original_matches_rejected,False,False,0,,0,2,0,45
rails_action:ee/app/controllers/anti_abuse/arkose_controller.rb:12:5:data_exchange_payload,AntiAbuse::ArkoseController,data_exchange_payload,public_method_registration_unresolved,unknown,original_matches_rejected,False,False,0,,0,2,0,7
rails_action:ee/app/controllers/customers_dot/proxy_controller.rb:11:5:graphql,CustomersDot::ProxyController,graphql,registered_action,unauthenticated,original_matches_rejected,False,False,0,,0,2,0,5
rails_action:ee/app/controllers/groups/audit_events_controller.rb:28:3:index,Groups::AuditEventsController,index,registered_action,unknown,unresolved,False,False,0,,0,8,5,140
rails_action:ee/app/controllers/groups/billings_controller.rb:18:3:index,Groups::BillingsController,index,registered_action,unknown,supported,False,True,2,api_099cb3aa39ca546bcdfa8dce;api_17974e869733ac80ebe65bb5;api_1b3bb083069a3a89ba615ee9;api_448b55231929317d8e597916;api_82c3e5bdcb6e15118548b593;api_d255bca9e60441278aa5130a,0,6,3,64
rails_action:ee/app/controllers/groups/billings_controller.rb:36:3:refresh_seats,Groups::BillingsController,refresh_seats,registered_action,unknown,unresolved,False,False,0,,0,5,1,56
rails_action:ee/app/controllers/groups/comment_templates_controller.rb:7:5:@before_action,Groups::CommentTemplatesController,@before_action,callback_block,unknown,unresolved,False,False,0,,0,0,3,31
rails_action:ee/app/controllers/groups/epics_controller.rb:30:3:show,Groups::EpicsController,show,registered_action,unknown,original_matches_rejected,False,False,0,,0,1,0,25
rails_action:ee/app/controllers/groups/epics_controller.rb:54:3:index,Groups::EpicsController,index,registered_action,unknown,unresolved,False,False,0,,0,1,2,31
rails_action:ee/app/controllers/groups/push_rules_controller.rb:16:3:update,Groups::PushRulesController,update,registered_action,unknown,unresolved,False,False,0,,0,4,3,54
rails_action:ee/app/controllers/groups/security/compliance_standards_adherence_reports_controller.rb:14:7:index,Groups::Security::ComplianceStandardsAdherenceReportsController,index,registered_action,unknown,unresolved,False,False,0,,0,1,1,20
rails_action:ee/app/controllers/groups/security/compliance_violation_reports_controller.rb:14:7:index,Groups::Security::ComplianceViolationReportsController,index,registered_action,unknown,original_matches_rejected,False,False,0,,0,1,0,20
rails_action:ee/app/controllers/groups/settings/work_items_controller.rb:15:7:show,Groups::Settings::WorkItemsController,show,registered_action,unknown,original_matches_rejected,False,False,0,,0,1,0,40
rails_action:ee/app/controllers/groups/sso_controller.rb:30:3:saml,Groups::SsoController,saml,registered_action,unknown,unresolved,False,False,0,,0,2,4,31
rails_action:ee/app/controllers/groups/virtual_registries/maven/registries_controller.rb:18:9:new,Groups::VirtualRegistries::Maven::RegistriesController,new,public_method_registration_unresolved,unknown,original_matches_rejected,False,False,0,,0,1,0,1
rails_action:ee/app/controllers/groups/virtual_registries/maven/registries_controller.rb:22:9:create,Groups::VirtualRegistries::Maven::RegistriesController,create,public_method_registration_unresolved,unknown,unresolved,False,False,0,,0,2,1,20
rails_action:ee/app/controllers/groups/virtual_registries/maven/registries_controller.rb:39:9:update,Groups::VirtualRegistries::Maven::RegistriesController,update,public_method_registration_unresolved,unknown,unresolved,False,False,0,,0,1,1,20
rails_action:ee/app/controllers/groups/virtual_registries/maven/registries_controller.rb:48:9:destroy,Groups::VirtualRegistries::Maven::RegistriesController,destroy,public_method_registration_unresolved,unknown,original_matches_rejected,False,False,0,,0,1,0,23
rails_action:ee/app/controllers/omniauth_kerberos_controller.rb:10:3:negotiate,OmniauthKerberosController,negotiate,registered_action,unauthenticated,original_matches_rejected,False,False,0,,0,2,0,3
rails_action:ee/app/controllers/phone_verification/telesign_callbacks_controller.rb:14:5:notify,PhoneVerification::TelesignCallbacksController,notify,registered_action,unauthenticated,unresolved,False,False,0,,0,6,4,100
rails_action:ee/app/controllers/projects/audit_events_controller.rb:21:3:index,Projects::AuditEventsController,index,registered_action,unknown,unresolved,False,False,0,,0,8,4,151
rails_action:ee/app/controllers/projects/comment_templates_controller.rb:7:5:@before_action,Projects::CommentTemplatesController,@before_action,callback_block,unknown,unresolved,False,False,0,,0,0,3,31
rails_action:ee/app/controllers/projects/duo_agents_platform_controller.rb:38:5:feature_category,Projects::DuoAgentsPlatformController,feature_category,public_method_registration_unresolved,unknown,original_matches_rejected,False,False,0,,0,1,0,2
rails_action:ee/app/controllers/projects/duo_otel_workflows_controller.rb:11:5:create,Projects::DuoOtelWorkflowsController,create,registered_action,unknown,unresolved,False,False,0,,0,8,17,257
rails_action:ee/app/controllers/projects/integrations/jira/issues_controller.rb:24:9:index,Projects::Integrations::Jira::IssuesController,index,registered_action,unknown,original_matches_rejected,False,False,0,,0,1,0,2
rails_action:ee/app/controllers/projects/integrations/jira/issues_controller.rb:33:9:show,Projects::Integrations::Jira::IssuesController,show,registered_action,unknown,unresolved,False,False,0,,0,2,1,27
rails_action:ee/app/controllers/projects/integrations/zentao/issues_controller.rb:15:9:index,Projects::Integrations::Zentao::IssuesController,index,registered_action,unknown,original_matches_rejected,False,False,0,,0,1,0,2
rails_action:ee/app/controllers/projects/integrations/zentao/issues_controller.rb:24:9:show,Projects::Integrations::Zentao::IssuesController,show,registered_action,unknown,original_matches_rejected,False,False,0,,0,1,0,2
rails_action:ee/app/controllers/projects/merge_requests/saml_approvals_controller.rb:8:7:create,Projects::MergeRequests::SamlApprovalsController,create,public_method_registration_unresolved,unknown,unresolved,False,False,0,,0,2,2,356
rails_action:ee/app/controllers/projects/target_branch_rules_controller.rb:12:5:index,Projects::TargetBranchRulesController,index,registered_action,unknown,original_matches_rejected,False,False,0,,0,4,0,13
rails_action:ee/app/controllers/projects/target_branch_rules_controller.rb:19:5:create,Projects::TargetBranchRulesController,create,registered_action,unknown,original_matches_rejected,False,False,0,,0,1,0,6
rails_action:ee/app/controllers/projects/target_branch_rules_controller.rb:31:5:destroy,Projects::TargetBranchRulesController,destroy,registered_action,unknown,original_matches_rejected,False,False,0,,0,1,0,6
rails_action:ee/app/controllers/projects/vulnerability_feedback_controller.rb:17:3:count,Projects::VulnerabilityFeedbackController,count,public_method_registration_unresolved,unknown,unresolved,False,False,0,,0,1,1,25
rails_action:ee/app/controllers/sitemap_controller.rb:8:3:show,SitemapController,show,registered_action,unauthenticated,unresolved,False,False,0,,0,7,2,66
rails_action:ee/app/controllers/smartcard_controller.rb:21:3:extract_certificate,SmartcardController,extract_certificate,registered_action,unknown,supported,True,False,1,api_04d194c3a5b6987a0d22d89e;api_3cb7fd0020b7bac743ad2d20;api_4adcf65f77f8545827dda694,1,1,4,41
rails_action:ee/app/controllers/smartcard_controller.rb:25:3:verify_certificate,SmartcardController,verify_certificate,registered_action,unknown,supported,True,False,1,api_0837be9e7d0abe09698b3e70;api_102960adecf11d6321a91503;api_dd4f57edb406af0a9f3e7f1b,1,3,1,38
rails_action:ee/app/controllers/users/registrations_identity_verification_controller.rb:24:5:verify_arkose_labs_session,Users::RegistrationsIdentityVerificationController,verify_arkose_labs_session,registered_action,unknown,supported,False,True,1,api_17974e869733ac80ebe65bb5;api_1b3bb083069a3a89ba615ee9;api_82c3e5bdcb6e15118548b593,0,7,4,197
rails_action:ee/app/controllers/users/registrations_identity_verification_controller.rb:37:5:verify_email_code,Users::RegistrationsIdentityVerificationController,verify_email_code,registered_action,unknown,unresolved,False,False,0,,0,6,5,81
rails_action:ee/app/controllers/users/registrations_identity_verification_controller.rb:51:5:resend_email_code,Users::RegistrationsIdentityVerificationController,resend_email_code,registered_action,unknown,unresolved,False,False,0,,0,5,4,127
rails_action:ee/app/controllers/users/registrations_identity_verification_controller.rb:61:5:success,Users::RegistrationsIdentityVerificationController,success,registered_action,unknown,unresolved,False,False,0,,0,2,2,48
