name_match_record,entrypoint,auth,edition,entrypoint_type,entrypoint_path,anonymous_access,file,line,receiver,expression,expression_kind,gem,method,argument_index,stored_label,slot,call_depth,call_chain_depth,argument_catalog_record,receiver_resolution,caller_file,caller_method,caller_line,caller_call_line,call_chain,recorded_source_revision,recorded_source_sha256,source
27745,ep_b5a8a13261b5ec9058b98c26,unknown,ce,grape_endpoint,/api/v4/internal/personal_access_token,False,lib/api/internal/base.rb,385,Date,params[:expires_at],expression,date,parse,0,literal,index,0,0,72,saved_gem_namespace,,,,,"[{""file"":""lib/api/internal/base.rb"",""line"":353,""method"":""API::Internal::Base#<endpoint>""}]",9cfc39017e700a28649858f6a902117f9d5e8edd,01bd51535cc4399f124025dab425b0145a582ebd28d7ba7355536f598d7a1d24,params
27746,ep_b5a8a13261b5ec9058b98c26,unknown,ce,grape_endpoint,/api/v4/internal/personal_access_token,False,lib/api/internal/base.rb,385,Date,params[:expires_at],expression,date,parse,0,literal,index,0,0,73,saved_gem_namespace,,,,,"[{""file"":""lib/api/internal/base.rb"",""line"":353,""method"":""API::Internal::Base#<endpoint>""}]",9cfc39017e700a28649858f6a902117f9d5e8edd,01bd51535cc4399f124025dab425b0145a582ebd28d7ba7355536f598d7a1d24,params
27747,ep_b5a8a13261b5ec9058b98c26,unknown,ce,grape_endpoint,/api/v4/internal/personal_access_token,False,lib/api/internal/base.rb,385,Date,,not_visible,date,parse,1,literal,index,0,0,74,saved_gem_namespace,,,,,"[{""file"":""lib/api/internal/base.rb"",""line"":353,""method"":""API::Internal::Base#<endpoint>""}]",9cfc39017e700a28649858f6a902117f9d5e8edd,01bd51535cc4399f124025dab425b0145a582ebd28d7ba7355536f598d7a1d24,unresolved
27748,ep_b5a8a13261b5ec9058b98c26,unknown,ce,grape_endpoint,/api/v4/internal/personal_access_token,False,lib/api/internal/base.rb,385,Date,,not_visible,date,parse,1,literal,index,0,0,75,saved_gem_namespace,,,,,"[{""file"":""lib/api/internal/base.rb"",""line"":353,""method"":""API::Internal::Base#<endpoint>""}]",9cfc39017e700a28649858f6a902117f9d5e8edd,01bd51535cc4399f124025dab425b0145a582ebd28d7ba7355536f598d7a1d24,unresolved
108583,ep_2e25fc102c746ca2b786402c,unauthenticated,ce,grape_endpoint,/api/v4/v2/$metadata,True,app/presenters/packages/nuget/v2/metadata_index_presenter.rb,8,Nokogiri::XML::Builder,encoding: 'UTF-8',expression,nokogiri,new,0,literal,format,0,1,271,saved_gem_namespace,lib/api/concerns/packages/nuget/public_endpoints.rb,API::Concerns::Packages::Nuget::PublicEndpoints#<endpoint>,135,142,"[{""file"":""lib/api/concerns/packages/nuget/public_endpoints.rb"",""line"":135,""method"":""API::Concerns::Packages::Nuget::PublicEndpoints#<endpoint>""},{""file"":""app/presenters/packages/nuget/v2/metadata_index_presenter.rb"",""line"":7,""method"":""Packages::Nuget::V2::MetadataIndexPresenter#xml""}]",9cfc39017e700a28649858f6a902117f9d5e8edd,56bc6b8d91aaf7f5ce4d3a491b814d399a1327fe323a1763fe53516cfcbd49fa,literal
108584,ep_2e25fc102c746ca2b786402c,unauthenticated,ce,grape_endpoint,/api/v4/v2/$metadata,True,app/presenters/packages/nuget/v2/metadata_index_presenter.rb,8,Nokogiri::XML::Builder,encoding: 'UTF-8',expression,nokogiri,new,0,literal,format,1,1,272,saved_gem_namespace,lib/api/concerns/packages/nuget/public_endpoints.rb,API::Concerns::Packages::Nuget::PublicEndpoints#<endpoint>,135,142,"[{""file"":""lib/api/concerns/packages/nuget/public_endpoints.rb"",""line"":135,""method"":""API::Concerns::Packages::Nuget::PublicEndpoints#<endpoint>""},{""file"":""app/presenters/packages/nuget/v2/metadata_index_presenter.rb"",""line"":7,""method"":""Packages::Nuget::V2::MetadataIndexPresenter#xml""}]",9cfc39017e700a28649858f6a902117f9d5e8edd,56bc6b8d91aaf7f5ce4d3a491b814d399a1327fe323a1763fe53516cfcbd49fa,literal
108585,ep_2e25fc102c746ca2b786402c,unauthenticated,ce,grape_endpoint,/api/v4/v2/$metadata,True,app/presenters/packages/nuget/v2/metadata_index_presenter.rb,8,Nokogiri::XML::Builder,,not_visible,nokogiri,new,1,literal,format,0,1,273,saved_gem_namespace,lib/api/concerns/packages/nuget/public_endpoints.rb,API::Concerns::Packages::Nuget::PublicEndpoints#<endpoint>,135,142,"[{""file"":""lib/api/concerns/packages/nuget/public_endpoints.rb"",""line"":135,""method"":""API::Concerns::Packages::Nuget::PublicEndpoints#<endpoint>""},{""file"":""app/presenters/packages/nuget/v2/metadata_index_presenter.rb"",""line"":7,""method"":""Packages::Nuget::V2::MetadataIndexPresenter#xml""}]",9cfc39017e700a28649858f6a902117f9d5e8edd,56bc6b8d91aaf7f5ce4d3a491b814d399a1327fe323a1763fe53516cfcbd49fa,unresolved
108586,ep_2e25fc102c746ca2b786402c,unauthenticated,ce,grape_endpoint,/api/v4/v2/$metadata,True,app/presenters/packages/nuget/v2/metadata_index_presenter.rb,8,Nokogiri::XML::Builder,,not_visible,nokogiri,new,1,literal,format,1,1,274,saved_gem_namespace,lib/api/concerns/packages/nuget/public_endpoints.rb,API::Concerns::Packages::Nuget::PublicEndpoints#<endpoint>,135,142,"[{""file"":""lib/api/concerns/packages/nuget/public_endpoints.rb"",""line"":135,""method"":""API::Concerns::Packages::Nuget::PublicEndpoints#<endpoint>""},{""file"":""app/presenters/packages/nuget/v2/metadata_index_presenter.rb"",""line"":7,""method"":""Packages::Nuget::V2::MetadataIndexPresenter#xml""}]",9cfc39017e700a28649858f6a902117f9d5e8edd,56bc6b8d91aaf7f5ce4d3a491b814d399a1327fe323a1763fe53516cfcbd49fa,unresolved
108635,ep_d6cdbc4f0b452339def6ce25,unauthenticated,ce,grape_endpoint,/api/v4/v2/$metadata,True,app/presenters/packages/nuget/v2/metadata_index_presenter.rb,8,Nokogiri::XML::Builder,encoding: 'UTF-8',expression,nokogiri,new,0,literal,format,0,1,271,saved_gem_namespace,lib/api/concerns/packages/nuget/public_endpoints.rb,API::Concerns::Packages::Nuget::PublicEndpoints#<endpoint>,135,142,"[{""file"":""lib/api/concerns/packages/nuget/public_endpoints.rb"",""line"":135,""method"":""API::Concerns::Packages::Nuget::PublicEndpoints#<endpoint>""},{""file"":""app/presenters/packages/nuget/v2/metadata_index_presenter.rb"",""line"":7,""method"":""Packages::Nuget::V2::MetadataIndexPresenter#xml""}]",9cfc39017e700a28649858f6a902117f9d5e8edd,56bc6b8d91aaf7f5ce4d3a491b814d399a1327fe323a1763fe53516cfcbd49fa,literal
108636,ep_d6cdbc4f0b452339def6ce25,unauthenticated,ce,grape_endpoint,/api/v4/v2/$metadata,True,app/presenters/packages/nuget/v2/metadata_index_presenter.rb,8,Nokogiri::XML::Builder,encoding: 'UTF-8',expression,nokogiri,new,0,literal,format,1,1,272,saved_gem_namespace,lib/api/concerns/packages/nuget/public_endpoints.rb,API::Concerns::Packages::Nuget::PublicEndpoints#<endpoint>,135,142,"[{""file"":""lib/api/concerns/packages/nuget/public_endpoints.rb"",""line"":135,""method"":""API::Concerns::Packages::Nuget::PublicEndpoints#<endpoint>""},{""file"":""app/presenters/packages/nuget/v2/metadata_index_presenter.rb"",""line"":7,""method"":""Packages::Nuget::V2::MetadataIndexPresenter#xml""}]",9cfc39017e700a28649858f6a902117f9d5e8edd,56bc6b8d91aaf7f5ce4d3a491b814d399a1327fe323a1763fe53516cfcbd49fa,literal
108637,ep_d6cdbc4f0b452339def6ce25,unauthenticated,ce,grape_endpoint,/api/v4/v2/$metadata,True,app/presenters/packages/nuget/v2/metadata_index_presenter.rb,8,Nokogiri::XML::Builder,,not_visible,nokogiri,new,1,literal,format,0,1,273,saved_gem_namespace,lib/api/concerns/packages/nuget/public_endpoints.rb,API::Concerns::Packages::Nuget::PublicEndpoints#<endpoint>,135,142,"[{""file"":""lib/api/concerns/packages/nuget/public_endpoints.rb"",""line"":135,""method"":""API::Concerns::Packages::Nuget::PublicEndpoints#<endpoint>""},{""file"":""app/presenters/packages/nuget/v2/metadata_index_presenter.rb"",""line"":7,""method"":""Packages::Nuget::V2::MetadataIndexPresenter#xml""}]",9cfc39017e700a28649858f6a902117f9d5e8edd,56bc6b8d91aaf7f5ce4d3a491b814d399a1327fe323a1763fe53516cfcbd49fa,unresolved
108638,ep_d6cdbc4f0b452339def6ce25,unauthenticated,ce,grape_endpoint,/api/v4/v2/$metadata,True,app/presenters/packages/nuget/v2/metadata_index_presenter.rb,8,Nokogiri::XML::Builder,,not_visible,nokogiri,new,1,literal,format,1,1,274,saved_gem_namespace,lib/api/concerns/packages/nuget/public_endpoints.rb,API::Concerns::Packages::Nuget::PublicEndpoints#<endpoint>,135,142,"[{""file"":""lib/api/concerns/packages/nuget/public_endpoints.rb"",""line"":135,""method"":""API::Concerns::Packages::Nuget::PublicEndpoints#<endpoint>""},{""file"":""app/presenters/packages/nuget/v2/metadata_index_presenter.rb"",""line"":7,""method"":""Packages::Nuget::V2::MetadataIndexPresenter#xml""}]",9cfc39017e700a28649858f6a902117f9d5e8edd,56bc6b8d91aaf7f5ce4d3a491b814d399a1327fe323a1763fe53516cfcbd49fa,unresolved
197653,ep_66b473e121c2e85f2d48b606,conditional_anonymous,ce,graphql_field,/api/graphql,True,app/graphql/types/notes/diff_line_type.rb,31,ERB::Util,object.rich_text || object.text,expression,erb,html_escape,0,"param(str,0)",size,1,0,118,saved_gem_namespace,,,,,"[{""file"":""app/graphql/types/notes/diff_line_type.rb"",""line"":28,""method"":""Types::Notes::DiffLineType#rich_text""}]",9cfc39017e700a28649858f6a902117f9d5e8edd,353ef4ad982b7f323a2240ddbe6e4c40ab6fb544c3198c563e65e58d338e3992,local
228683,ep_f5e2a118b4fa5299e40867fb,unknown,ce,graphql_field,/api/graphql,False,app/graphql/types/notes/diff_line_type.rb,31,ERB::Util,object.rich_text || object.text,expression,erb,html_escape,0,"param(str,0)",size,1,0,118,saved_gem_namespace,,,,,"[{""file"":""app/graphql/types/notes/diff_line_type.rb"",""line"":28,""method"":""Types::Notes::DiffLineType#rich_text""}]",9cfc39017e700a28649858f6a902117f9d5e8edd,353ef4ad982b7f323a2240ddbe6e4c40ab6fb544c3198c563e65e58d338e3992,local
326614,ep_62fd3b02bbb25e34fd4285e2,unknown,ce,rails_action,/*namespace_id/:project_id/-/labels/:id/promote,False,app/controllers/projects/labels_controller.rb,159,ERB::Util,label.title,expression,erb,html_escape,0,"param(str,0)",size,1,1,118,saved_gem_namespace,app/controllers/projects/labels_controller.rb,Projects::LabelsController#promote,127,133,"[{""file"":""app/controllers/projects/labels_controller.rb"",""line"":127,""method"":""Projects::LabelsController#promote""},{""file"":""app/controllers/projects/labels_controller.rb"",""line"":157,""method"":""Projects::LabelsController#flash_notice_for""}]",9cfc39017e700a28649858f6a902117f9d5e8edd,c4485f6f26faed625f945d0b47b37f3c08bc7addb7b96274688e3a7bc53d093b,local
339632,ep_4aded198ef9158bd1757663c,unknown,ce,rails_action,/*namespace_id/:project_id/-/milestones/:id/promote,False,app/controllers/projects/milestones_controller.rb,137,ERB::Util,milestone.title,expression,erb,html_escape,0,"param(str,0)",size,1,1,118,saved_gem_namespace,app/controllers/projects/milestones_controller.rb,Projects::MilestonesController#promote,119,121,"[{""file"":""app/controllers/projects/milestones_controller.rb"",""line"":119,""method"":""Projects::MilestonesController#promote""},{""file"":""app/controllers/projects/milestones_controller.rb"",""line"":135,""method"":""Projects::MilestonesController#flash_notice_for""}]",9cfc39017e700a28649858f6a902117f9d5e8edd,2d2e38a56d0b443d3a14e18d17405e4b29e93f80f583ea9a58309db94d549df0,local
494681,ep_b84ca4b40cf2aedc44ddce7f,unknown,ce,rails_action,/o/:organization_path/*namespace_id/:project_id/-/labels/:id/promote,False,app/controllers/projects/labels_controller.rb,159,ERB::Util,label.title,expression,erb,html_escape,0,"param(str,0)",size,1,1,118,saved_gem_namespace,app/controllers/projects/labels_controller.rb,Projects::LabelsController#promote,127,133,"[{""file"":""app/controllers/projects/labels_controller.rb"",""line"":127,""method"":""Projects::LabelsController#promote""},{""file"":""app/controllers/projects/labels_controller.rb"",""line"":157,""method"":""Projects::LabelsController#flash_notice_for""}]",9cfc39017e700a28649858f6a902117f9d5e8edd,c4485f6f26faed625f945d0b47b37f3c08bc7addb7b96274688e3a7bc53d093b,local
507699,ep_2786c221e565f6a4401c5f22,unknown,ce,rails_action,/o/:organization_path/*namespace_id/:project_id/-/milestones/:id/promote,False,app/controllers/projects/milestones_controller.rb,137,ERB::Util,milestone.title,expression,erb,html_escape,0,"param(str,0)",size,1,1,118,saved_gem_namespace,app/controllers/projects/milestones_controller.rb,Projects::MilestonesController#promote,119,121,"[{""file"":""app/controllers/projects/milestones_controller.rb"",""line"":119,""method"":""Projects::MilestonesController#promote""},{""file"":""app/controllers/projects/milestones_controller.rb"",""line"":135,""method"":""Projects::MilestonesController#flash_notice_for""}]",9cfc39017e700a28649858f6a902117f9d5e8edd,2d2e38a56d0b443d3a14e18d17405e4b29e93f80f583ea9a58309db94d549df0,local
621055,ep_2cc99e37b2b2f14f994eb504,unknown,ce,rails_action,/o/:organization_path/users/:username/calendar_activities,False,app/controllers/users_controller.rb,192,Date,permitted_params[:date],expression,date,parse,0,literal,index,0,0,72,saved_gem_namespace,,,,,"[{""file"":""app/controllers/users_controller.rb"",""line"":190,""method"":""UsersController#calendar_activities""}]",9cfc39017e700a28649858f6a902117f9d5e8edd,b710007b202c90bb8312f947689df506e8c63b79e6bcaf9863efa1c5ced1c86d,local
621056,ep_2cc99e37b2b2f14f994eb504,unknown,ce,rails_action,/o/:organization_path/users/:username/calendar_activities,False,app/controllers/users_controller.rb,192,Date,permitted_params[:date],expression,date,parse,0,literal,index,0,0,73,saved_gem_namespace,,,,,"[{""file"":""app/controllers/users_controller.rb"",""line"":190,""method"":""UsersController#calendar_activities""}]",9cfc39017e700a28649858f6a902117f9d5e8edd,b710007b202c90bb8312f947689df506e8c63b79e6bcaf9863efa1c5ced1c86d,local
621057,ep_2cc99e37b2b2f14f994eb504,unknown,ce,rails_action,/o/:organization_path/users/:username/calendar_activities,False,app/controllers/users_controller.rb,192,Date,,not_visible,date,parse,1,literal,index,0,0,74,saved_gem_namespace,,,,,"[{""file"":""app/controllers/users_controller.rb"",""line"":190,""method"":""UsersController#calendar_activities""}]",9cfc39017e700a28649858f6a902117f9d5e8edd,b710007b202c90bb8312f947689df506e8c63b79e6bcaf9863efa1c5ced1c86d,unresolved
621058,ep_2cc99e37b2b2f14f994eb504,unknown,ce,rails_action,/o/:organization_path/users/:username/calendar_activities,False,app/controllers/users_controller.rb,192,Date,,not_visible,date,parse,1,literal,index,0,0,75,saved_gem_namespace,,,,,"[{""file"":""app/controllers/users_controller.rb"",""line"":190,""method"":""UsersController#calendar_activities""}]",9cfc39017e700a28649858f6a902117f9d5e8edd,b710007b202c90bb8312f947689df506e8c63b79e6bcaf9863efa1c5ced1c86d,unresolved
634802,ep_143622480aa6c642dab84f06,unknown,ce,rails_action,/users/:username/calendar_activities,False,app/controllers/users_controller.rb,192,Date,permitted_params[:date],expression,date,parse,0,literal,index,0,0,72,saved_gem_namespace,,,,,"[{""file"":""app/controllers/users_controller.rb"",""line"":190,""method"":""UsersController#calendar_activities""}]",9cfc39017e700a28649858f6a902117f9d5e8edd,b710007b202c90bb8312f947689df506e8c63b79e6bcaf9863efa1c5ced1c86d,local
634803,ep_143622480aa6c642dab84f06,unknown,ce,rails_action,/users/:username/calendar_activities,False,app/controllers/users_controller.rb,192,Date,permitted_params[:date],expression,date,parse,0,literal,index,0,0,73,saved_gem_namespace,,,,,"[{""file"":""app/controllers/users_controller.rb"",""line"":190,""method"":""UsersController#calendar_activities""}]",9cfc39017e700a28649858f6a902117f9d5e8edd,b710007b202c90bb8312f947689df506e8c63b79e6bcaf9863efa1c5ced1c86d,local
634804,ep_143622480aa6c642dab84f06,unknown,ce,rails_action,/users/:username/calendar_activities,False,app/controllers/users_controller.rb,192,Date,,not_visible,date,parse,1,literal,index,0,0,74,saved_gem_namespace,,,,,"[{""file"":""app/controllers/users_controller.rb"",""line"":190,""method"":""UsersController#calendar_activities""}]",9cfc39017e700a28649858f6a902117f9d5e8edd,b710007b202c90bb8312f947689df506e8c63b79e6bcaf9863efa1c5ced1c86d,unresolved
634805,ep_143622480aa6c642dab84f06,unknown,ce,rails_action,/users/:username/calendar_activities,False,app/controllers/users_controller.rb,192,Date,,not_visible,date,parse,1,literal,index,0,0,75,saved_gem_namespace,,,,,"[{""file"":""app/controllers/users_controller.rb"",""line"":190,""method"":""UsersController#calendar_activities""}]",9cfc39017e700a28649858f6a902117f9d5e8edd,b710007b202c90bb8312f947689df506e8c63b79e6bcaf9863efa1c5ced1c86d,unresolved
690968,ep_69120ab42878f55395a1436b,unknown,ee,grape_endpoint,/api/v4/internal/personal_access_token,False,lib/api/internal/base.rb,385,Date,params[:expires_at],expression,date,parse,0,literal,index,0,0,72,saved_gem_namespace,,,,,"[{""file"":""lib/api/internal/base.rb"",""line"":353,""method"":""API::Internal::Base#<endpoint>""}]",9cfc39017e700a28649858f6a902117f9d5e8edd,01bd51535cc4399f124025dab425b0145a582ebd28d7ba7355536f598d7a1d24,params
690969,ep_69120ab42878f55395a1436b,unknown,ee,grape_endpoint,/api/v4/internal/personal_access_token,False,lib/api/internal/base.rb,385,Date,params[:expires_at],expression,date,parse,0,literal,index,0,0,73,saved_gem_namespace,,,,,"[{""file"":""lib/api/internal/base.rb"",""line"":353,""method"":""API::Internal::Base#<endpoint>""}]",9cfc39017e700a28649858f6a902117f9d5e8edd,01bd51535cc4399f124025dab425b0145a582ebd28d7ba7355536f598d7a1d24,params
690970,ep_69120ab42878f55395a1436b,unknown,ee,grape_endpoint,/api/v4/internal/personal_access_token,False,lib/api/internal/base.rb,385,Date,,not_visible,date,parse,1,literal,index,0,0,74,saved_gem_namespace,,,,,"[{""file"":""lib/api/internal/base.rb"",""line"":353,""method"":""API::Internal::Base#<endpoint>""}]",9cfc39017e700a28649858f6a902117f9d5e8edd,01bd51535cc4399f124025dab425b0145a582ebd28d7ba7355536f598d7a1d24,unresolved
690971,ep_69120ab42878f55395a1436b,unknown,ee,grape_endpoint,/api/v4/internal/personal_access_token,False,lib/api/internal/base.rb,385,Date,,not_visible,date,parse,1,literal,index,0,0,75,saved_gem_namespace,,,,,"[{""file"":""lib/api/internal/base.rb"",""line"":353,""method"":""API::Internal::Base#<endpoint>""}]",9cfc39017e700a28649858f6a902117f9d5e8edd,01bd51535cc4399f124025dab425b0145a582ebd28d7ba7355536f598d7a1d24,unresolved
785886,ep_71ef827128d753a4b3323430,unauthenticated,ee,grape_endpoint,/api/v4/v2/$metadata,True,app/presenters/packages/nuget/v2/metadata_index_presenter.rb,8,Nokogiri::XML::Builder,encoding: 'UTF-8',expression,nokogiri,new,0,literal,format,0,1,271,saved_gem_namespace,lib/api/concerns/packages/nuget/public_endpoints.rb,API::Concerns::Packages::Nuget::PublicEndpoints#<endpoint>,135,142,"[{""file"":""lib/api/concerns/packages/nuget/public_endpoints.rb"",""line"":135,""method"":""API::Concerns::Packages::Nuget::PublicEndpoints#<endpoint>""},{""file"":""app/presenters/packages/nuget/v2/metadata_index_presenter.rb"",""line"":7,""method"":""Packages::Nuget::V2::MetadataIndexPresenter#xml""}]",9cfc39017e700a28649858f6a902117f9d5e8edd,56bc6b8d91aaf7f5ce4d3a491b814d399a1327fe323a1763fe53516cfcbd49fa,literal
785887,ep_71ef827128d753a4b3323430,unauthenticated,ee,grape_endpoint,/api/v4/v2/$metadata,True,app/presenters/packages/nuget/v2/metadata_index_presenter.rb,8,Nokogiri::XML::Builder,encoding: 'UTF-8',expression,nokogiri,new,0,literal,format,1,1,272,saved_gem_namespace,lib/api/concerns/packages/nuget/public_endpoints.rb,API::Concerns::Packages::Nuget::PublicEndpoints#<endpoint>,135,142,"[{""file"":""lib/api/concerns/packages/nuget/public_endpoints.rb"",""line"":135,""method"":""API::Concerns::Packages::Nuget::PublicEndpoints#<endpoint>""},{""file"":""app/presenters/packages/nuget/v2/metadata_index_presenter.rb"",""line"":7,""method"":""Packages::Nuget::V2::MetadataIndexPresenter#xml""}]",9cfc39017e700a28649858f6a902117f9d5e8edd,56bc6b8d91aaf7f5ce4d3a491b814d399a1327fe323a1763fe53516cfcbd49fa,literal
785888,ep_71ef827128d753a4b3323430,unauthenticated,ee,grape_endpoint,/api/v4/v2/$metadata,True,app/presenters/packages/nuget/v2/metadata_index_presenter.rb,8,Nokogiri::XML::Builder,,not_visible,nokogiri,new,1,literal,format,0,1,273,saved_gem_namespace,lib/api/concerns/packages/nuget/public_endpoints.rb,API::Concerns::Packages::Nuget::PublicEndpoints#<endpoint>,135,142,"[{""file"":""lib/api/concerns/packages/nuget/public_endpoints.rb"",""line"":135,""method"":""API::Concerns::Packages::Nuget::PublicEndpoints#<endpoint>""},{""file"":""app/presenters/packages/nuget/v2/metadata_index_presenter.rb"",""line"":7,""method"":""Packages::Nuget::V2::MetadataIndexPresenter#xml""}]",9cfc39017e700a28649858f6a902117f9d5e8edd,56bc6b8d91aaf7f5ce4d3a491b814d399a1327fe323a1763fe53516cfcbd49fa,unresolved
785889,ep_71ef827128d753a4b3323430,unauthenticated,ee,grape_endpoint,/api/v4/v2/$metadata,True,app/presenters/packages/nuget/v2/metadata_index_presenter.rb,8,Nokogiri::XML::Builder,,not_visible,nokogiri,new,1,literal,format,1,1,274,saved_gem_namespace,lib/api/concerns/packages/nuget/public_endpoints.rb,API::Concerns::Packages::Nuget::PublicEndpoints#<endpoint>,135,142,"[{""file"":""lib/api/concerns/packages/nuget/public_endpoints.rb"",""line"":135,""method"":""API::Concerns::Packages::Nuget::PublicEndpoints#<endpoint>""},{""file"":""app/presenters/packages/nuget/v2/metadata_index_presenter.rb"",""line"":7,""method"":""Packages::Nuget::V2::MetadataIndexPresenter#xml""}]",9cfc39017e700a28649858f6a902117f9d5e8edd,56bc6b8d91aaf7f5ce4d3a491b814d399a1327fe323a1763fe53516cfcbd49fa,unresolved
785938,ep_e64752b3c6eaf0b11882d44c,unauthenticated,ee,grape_endpoint,/api/v4/v2/$metadata,True,app/presenters/packages/nuget/v2/metadata_index_presenter.rb,8,Nokogiri::XML::Builder,encoding: 'UTF-8',expression,nokogiri,new,0,literal,format,0,1,271,saved_gem_namespace,lib/api/concerns/packages/nuget/public_endpoints.rb,API::Concerns::Packages::Nuget::PublicEndpoints#<endpoint>,135,142,"[{""file"":""lib/api/concerns/packages/nuget/public_endpoints.rb"",""line"":135,""method"":""API::Concerns::Packages::Nuget::PublicEndpoints#<endpoint>""},{""file"":""app/presenters/packages/nuget/v2/metadata_index_presenter.rb"",""line"":7,""method"":""Packages::Nuget::V2::MetadataIndexPresenter#xml""}]",9cfc39017e700a28649858f6a902117f9d5e8edd,56bc6b8d91aaf7f5ce4d3a491b814d399a1327fe323a1763fe53516cfcbd49fa,literal
785939,ep_e64752b3c6eaf0b11882d44c,unauthenticated,ee,grape_endpoint,/api/v4/v2/$metadata,True,app/presenters/packages/nuget/v2/metadata_index_presenter.rb,8,Nokogiri::XML::Builder,encoding: 'UTF-8',expression,nokogiri,new,0,literal,format,1,1,272,saved_gem_namespace,lib/api/concerns/packages/nuget/public_endpoints.rb,API::Concerns::Packages::Nuget::PublicEndpoints#<endpoint>,135,142,"[{""file"":""lib/api/concerns/packages/nuget/public_endpoints.rb"",""line"":135,""method"":""API::Concerns::Packages::Nuget::PublicEndpoints#<endpoint>""},{""file"":""app/presenters/packages/nuget/v2/metadata_index_presenter.rb"",""line"":7,""method"":""Packages::Nuget::V2::MetadataIndexPresenter#xml""}]",9cfc39017e700a28649858f6a902117f9d5e8edd,56bc6b8d91aaf7f5ce4d3a491b814d399a1327fe323a1763fe53516cfcbd49fa,literal
785940,ep_e64752b3c6eaf0b11882d44c,unauthenticated,ee,grape_endpoint,/api/v4/v2/$metadata,True,app/presenters/packages/nuget/v2/metadata_index_presenter.rb,8,Nokogiri::XML::Builder,,not_visible,nokogiri,new,1,literal,format,0,1,273,saved_gem_namespace,lib/api/concerns/packages/nuget/public_endpoints.rb,API::Concerns::Packages::Nuget::PublicEndpoints#<endpoint>,135,142,"[{""file"":""lib/api/concerns/packages/nuget/public_endpoints.rb"",""line"":135,""method"":""API::Concerns::Packages::Nuget::PublicEndpoints#<endpoint>""},{""file"":""app/presenters/packages/nuget/v2/metadata_index_presenter.rb"",""line"":7,""method"":""Packages::Nuget::V2::MetadataIndexPresenter#xml""}]",9cfc39017e700a28649858f6a902117f9d5e8edd,56bc6b8d91aaf7f5ce4d3a491b814d399a1327fe323a1763fe53516cfcbd49fa,unresolved
785941,ep_e64752b3c6eaf0b11882d44c,unauthenticated,ee,grape_endpoint,/api/v4/v2/$metadata,True,app/presenters/packages/nuget/v2/metadata_index_presenter.rb,8,Nokogiri::XML::Builder,,not_visible,nokogiri,new,1,literal,format,1,1,274,saved_gem_namespace,lib/api/concerns/packages/nuget/public_endpoints.rb,API::Concerns::Packages::Nuget::PublicEndpoints#<endpoint>,135,142,"[{""file"":""lib/api/concerns/packages/nuget/public_endpoints.rb"",""line"":135,""method"":""API::Concerns::Packages::Nuget::PublicEndpoints#<endpoint>""},{""file"":""app/presenters/packages/nuget/v2/metadata_index_presenter.rb"",""line"":7,""method"":""Packages::Nuget::V2::MetadataIndexPresenter#xml""}]",9cfc39017e700a28649858f6a902117f9d5e8edd,56bc6b8d91aaf7f5ce4d3a491b814d399a1327fe323a1763fe53516cfcbd49fa,unresolved
885864,ep_8a34add1fabdf6098ef15d7a,unknown,ee,graphql_field,/api/graphql,False,ee/app/graphql/types/ai/duo_workflows/workflow_event_type.rb,97,Zlib::Deflate,checkpoint.to_json,expression,zlib,deflate,0,literal,index,0,0,347,saved_gem_namespace,,,,,"[{""file"":""ee/app/graphql/types/ai/duo_workflows/workflow_event_type.rb"",""line"":93,""method"":""Types::Ai::DuoWorkflows::WorkflowEventType#compressed_checkpoint""}]",9cfc39017e700a28649858f6a902117f9d5e8edd,4db6953885384a9dfd64bbe2f15128dc1820e9f51616d113dae5a19b5c7477ef,local
896495,ep_bf83931bf1e5f11b9d6ea6d1,unknown,ee,graphql_field,/api/graphql,False,ee/app/graphql/types/ai/duo_workflows/workflow_event_type.rb,97,Zlib::Deflate,checkpoint.to_json,expression,zlib,deflate,0,literal,index,0,0,347,saved_gem_namespace,,,,,"[{""file"":""ee/app/graphql/types/ai/duo_workflows/workflow_event_type.rb"",""line"":93,""method"":""Types::Ai::DuoWorkflows::WorkflowEventType#compressed_checkpoint""}]",9cfc39017e700a28649858f6a902117f9d5e8edd,4db6953885384a9dfd64bbe2f15128dc1820e9f51616d113dae5a19b5c7477ef,local
949228,ep_9af56d8b2c5207c5149c3701,unknown,ee,graphql_field,/api/graphql,False,ee/app/graphql/types/ai/duo_workflows/workflow_event_type.rb,97,Zlib::Deflate,checkpoint.to_json,expression,zlib,deflate,0,literal,index,0,0,347,saved_gem_namespace,,,,,"[{""file"":""ee/app/graphql/types/ai/duo_workflows/workflow_event_type.rb"",""line"":93,""method"":""Types::Ai::DuoWorkflows::WorkflowEventType#compressed_checkpoint""}]",9cfc39017e700a28649858f6a902117f9d5e8edd,4db6953885384a9dfd64bbe2f15128dc1820e9f51616d113dae5a19b5c7477ef,local
959713,ep_c1a89a20287687ab204e3e11,conditional_anonymous,ee,graphql_field,/api/graphql,True,app/graphql/types/notes/diff_line_type.rb,31,ERB::Util,object.rich_text || object.text,expression,erb,html_escape,0,"param(str,0)",size,1,0,118,saved_gem_namespace,,,,,"[{""file"":""app/graphql/types/notes/diff_line_type.rb"",""line"":28,""method"":""Types::Notes::DiffLineType#rich_text""}]",9cfc39017e700a28649858f6a902117f9d5e8edd,353ef4ad982b7f323a2240ddbe6e4c40ab6fb544c3198c563e65e58d338e3992,local
1104111,ep_9ebf7e67d4d7d2b50127770c,unknown,ee,graphql_field,/api/graphql,False,app/graphql/types/notes/diff_line_type.rb,31,ERB::Util,object.rich_text || object.text,expression,erb,html_escape,0,"param(str,0)",size,1,0,118,saved_gem_namespace,,,,,"[{""file"":""app/graphql/types/notes/diff_line_type.rb"",""line"":28,""method"":""Types::Notes::DiffLineType#rich_text""}]",9cfc39017e700a28649858f6a902117f9d5e8edd,353ef4ad982b7f323a2240ddbe6e4c40ab6fb544c3198c563e65e58d338e3992,local
1293336,ep_d534ca98d9f4d1151dda406c,unknown,ee,rails_action,/*namespace_id/:project_id/-/labels/:id/promote,False,app/controllers/projects/labels_controller.rb,159,ERB::Util,label.title,expression,erb,html_escape,0,"param(str,0)",size,1,1,118,saved_gem_namespace,app/controllers/projects/labels_controller.rb,Projects::LabelsController#promote,127,133,"[{""file"":""app/controllers/projects/labels_controller.rb"",""line"":127,""method"":""Projects::LabelsController#promote""},{""file"":""app/controllers/projects/labels_controller.rb"",""line"":157,""method"":""Projects::LabelsController#flash_notice_for""}]",9cfc39017e700a28649858f6a902117f9d5e8edd,c4485f6f26faed625f945d0b47b37f3c08bc7addb7b96274688e3a7bc53d093b,local
1307418,ep_450fab4bb06a7f504a80ef58,unknown,ee,rails_action,/*namespace_id/:project_id/-/milestones/:id/promote,False,app/controllers/projects/milestones_controller.rb,137,ERB::Util,milestone.title,expression,erb,html_escape,0,"param(str,0)",size,1,1,118,saved_gem_namespace,app/controllers/projects/milestones_controller.rb,Projects::MilestonesController#promote,119,121,"[{""file"":""app/controllers/projects/milestones_controller.rb"",""line"":119,""method"":""Projects::MilestonesController#promote""},{""file"":""app/controllers/projects/milestones_controller.rb"",""line"":135,""method"":""Projects::MilestonesController#flash_notice_for""}]",9cfc39017e700a28649858f6a902117f9d5e8edd,2d2e38a56d0b443d3a14e18d17405e4b29e93f80f583ea9a58309db94d549df0,local
1510451,ep_f60f20be7d84c057037b6cce,unknown,ee,rails_action,/o/:organization_path/*namespace_id/:project_id/-/labels/:id/promote,False,app/controllers/projects/labels_controller.rb,159,ERB::Util,label.title,expression,erb,html_escape,0,"param(str,0)",size,1,1,118,saved_gem_namespace,app/controllers/projects/labels_controller.rb,Projects::LabelsController#promote,127,133,"[{""file"":""app/controllers/projects/labels_controller.rb"",""line"":127,""method"":""Projects::LabelsController#promote""},{""file"":""app/controllers/projects/labels_controller.rb"",""line"":157,""method"":""Projects::LabelsController#flash_notice_for""}]",9cfc39017e700a28649858f6a902117f9d5e8edd,c4485f6f26faed625f945d0b47b37f3c08bc7addb7b96274688e3a7bc53d093b,local
1524533,ep_01660a9819a5c7ca70ae313a,unknown,ee,rails_action,/o/:organization_path/*namespace_id/:project_id/-/milestones/:id/promote,False,app/controllers/projects/milestones_controller.rb,137,ERB::Util,milestone.title,expression,erb,html_escape,0,"param(str,0)",size,1,1,118,saved_gem_namespace,app/controllers/projects/milestones_controller.rb,Projects::MilestonesController#promote,119,121,"[{""file"":""app/controllers/projects/milestones_controller.rb"",""line"":119,""method"":""Projects::MilestonesController#promote""},{""file"":""app/controllers/projects/milestones_controller.rb"",""line"":135,""method"":""Projects::MilestonesController#flash_notice_for""}]",9cfc39017e700a28649858f6a902117f9d5e8edd,2d2e38a56d0b443d3a14e18d17405e4b29e93f80f583ea9a58309db94d549df0,local
1676021,ep_6d78e5e9d0aa246716235f75,unknown,ee,rails_action,/o/:organization_path/users/:username/calendar_activities,False,app/controllers/users_controller.rb,192,Date,permitted_params[:date],expression,date,parse,0,literal,index,0,0,72,saved_gem_namespace,,,,,"[{""file"":""app/controllers/users_controller.rb"",""line"":190,""method"":""UsersController#calendar_activities""}]",9cfc39017e700a28649858f6a902117f9d5e8edd,b710007b202c90bb8312f947689df506e8c63b79e6bcaf9863efa1c5ced1c86d,local
1676022,ep_6d78e5e9d0aa246716235f75,unknown,ee,rails_action,/o/:organization_path/users/:username/calendar_activities,False,app/controllers/users_controller.rb,192,Date,permitted_params[:date],expression,date,parse,0,literal,index,0,0,73,saved_gem_namespace,,,,,"[{""file"":""app/controllers/users_controller.rb"",""line"":190,""method"":""UsersController#calendar_activities""}]",9cfc39017e700a28649858f6a902117f9d5e8edd,b710007b202c90bb8312f947689df506e8c63b79e6bcaf9863efa1c5ced1c86d,local
1676023,ep_6d78e5e9d0aa246716235f75,unknown,ee,rails_action,/o/:organization_path/users/:username/calendar_activities,False,app/controllers/users_controller.rb,192,Date,,not_visible,date,parse,1,literal,index,0,0,74,saved_gem_namespace,,,,,"[{""file"":""app/controllers/users_controller.rb"",""line"":190,""method"":""UsersController#calendar_activities""}]",9cfc39017e700a28649858f6a902117f9d5e8edd,b710007b202c90bb8312f947689df506e8c63b79e6bcaf9863efa1c5ced1c86d,unresolved
1676024,ep_6d78e5e9d0aa246716235f75,unknown,ee,rails_action,/o/:organization_path/users/:username/calendar_activities,False,app/controllers/users_controller.rb,192,Date,,not_visible,date,parse,1,literal,index,0,0,75,saved_gem_namespace,,,,,"[{""file"":""app/controllers/users_controller.rb"",""line"":190,""method"":""UsersController#calendar_activities""}]",9cfc39017e700a28649858f6a902117f9d5e8edd,b710007b202c90bb8312f947689df506e8c63b79e6bcaf9863efa1c5ced1c86d,unresolved
1698839,ep_9a5b81f4470d3c07e11f1400,unknown,ee,rails_action,/users/:username/calendar_activities,False,app/controllers/users_controller.rb,192,Date,permitted_params[:date],expression,date,parse,0,literal,index,0,0,72,saved_gem_namespace,,,,,"[{""file"":""app/controllers/users_controller.rb"",""line"":190,""method"":""UsersController#calendar_activities""}]",9cfc39017e700a28649858f6a902117f9d5e8edd,b710007b202c90bb8312f947689df506e8c63b79e6bcaf9863efa1c5ced1c86d,local
1698840,ep_9a5b81f4470d3c07e11f1400,unknown,ee,rails_action,/users/:username/calendar_activities,False,app/controllers/users_controller.rb,192,Date,permitted_params[:date],expression,date,parse,0,literal,index,0,0,73,saved_gem_namespace,,,,,"[{""file"":""app/controllers/users_controller.rb"",""line"":190,""method"":""UsersController#calendar_activities""}]",9cfc39017e700a28649858f6a902117f9d5e8edd,b710007b202c90bb8312f947689df506e8c63b79e6bcaf9863efa1c5ced1c86d,local
1698841,ep_9a5b81f4470d3c07e11f1400,unknown,ee,rails_action,/users/:username/calendar_activities,False,app/controllers/users_controller.rb,192,Date,,not_visible,date,parse,1,literal,index,0,0,74,saved_gem_namespace,,,,,"[{""file"":""app/controllers/users_controller.rb"",""line"":190,""method"":""UsersController#calendar_activities""}]",9cfc39017e700a28649858f6a902117f9d5e8edd,b710007b202c90bb8312f947689df506e8c63b79e6bcaf9863efa1c5ced1c86d,unresolved
1698842,ep_9a5b81f4470d3c07e11f1400,unknown,ee,rails_action,/users/:username/calendar_activities,False,app/controllers/users_controller.rb,192,Date,,not_visible,date,parse,1,literal,index,0,0,75,saved_gem_namespace,,,,,"[{""file"":""app/controllers/users_controller.rb"",""line"":190,""method"":""UsersController#calendar_activities""}]",9cfc39017e700a28649858f6a902117f9d5e8edd,b710007b202c90bb8312f947689df506e8c63b79e6bcaf9863efa1c5ced1c86d,unresolved
